lkd-id,skos:historyNote,lkd rdfs:label-fi,lkd rdfs:label-sv,lkd rdfs:domain,lkd rdfs:range,skos:note - kommentti,rdf:type,rdfs:subClassOf,rdfs:subPropertyOf,KBV ID,mapping LKD to BF,bibframe-id,bf-label-fi,bf-label-sv,BF Domain,BF Range,domain  (T|E),mapping LKD to RDA,RDA-id,rdfs:domain,RDA domain,RDA-label-fi,suppea taso,laajalla taso,Pakollisuuden ehdollisuus,skos:note,UWL mapping
lkd:aapFamily,lkd-v0.1: not included,suvun auktorisoitu hakutieto,auktoriserad sökingång för släkt,lkd:Family,rdfs:Literal,,owl:DatatypeProperty,,bflc:aap,#N/A,skos:broadMatch,http://id.loc.gov/ontologies/bflc/aap,auktorisoitu hakutieto,auktoriserad sökingång,bf:Family,bf:VariantTitle,,skos:exactMatch,http://rdaregistry.info/Elements/a/P50409,"rdac:C10002",Toimija,suvun auktorisoitu hakutieto,S,L,,RDA:n auktorisoidut hakutiedot eivät mappaudu mihinkään BF-ominaisuuteen,
lkd:aapItem,lkd-v0.1: new entity,kappaleen auktorisoitu hakutieto,auktoriserad sökingång för eksemplar,lkd:Item,rdfs:Literal,,owl:DatatypeProperty,,bflc:aap,#N/A,skos:broadMatch,http://id.loc.gov/ontologies/bflc/aap,auktorisoitu hakutieto,auktoriserad sökingång,bf:Item,rdfs:Literal,,skos:exactMatch,http://rdaregistry.info/Elements/i/P40083,rdac:C10003,Kappale,kappaleen auktorisoitu hakutieto,S,L,Ei pakollinen MARC21-kuvailussa,RDA:n auktorisoidut hakutiedot eivät mappaudu mihinkään BF-ominaisuuteen - kts bflc:aac,
lkd:aapOfExpression,lkd-v0.1: new entity,ekspression auktorisoitu hakutieto,auktoriserad sökingång för ekspression,lkd:Expression,rdfs:Literal,,owl:DatatypeProperty,,bflc:aap,#N/A,skos:broadMatch,http://id.loc.gov/ontologies/bflc/aap,auktorisoitu hakutieto,auktoriserad sökingång,bf:Work,bf:VariantTitle,E,skos:exactMatch,http://rdaregistry.info/Elements/e/P20313,rdac:C10006,Ekspressio,ekspression auktorisoitu hakutieto,S,L,,RDA:n auktorisoidut hakutiedot eivät mappaudu mihinkään BF-ominaisuuteen -- kts bflc:aap,
lkd:aapOfManifestation,lkd-v0.1: new entity,manifestaation auktorisoitu hakutieto,auktoriserad sökingång för manifestation,lkd:Manifestation,rdfs:Literal,,owl:DatatypeProperty,,bflc:aap,#N/A,skos:broadMatch,http://id.loc.gov/ontologies/bflc/aap,auktorisoitu hakutieto,auktoriserad sökingång,bf:Instance,rdfs:Literal,,skos:exactMatch,http://rdaregistry.info/Elements/m/P30294,rdac:C10007,Manifestaatio,manifestaation auktorisoitu hakutieto,S,L,Ei pakollinen MARC21-kuvailussa,,
lkd:aapOfWork,lkd-v0.1: new entity,teoksen auktorisoitu hakutieto,auktoriserad sökingång för verk,lkd:Work,rdfs:Literal,,owl:DatatypeProperty,,bflc:aap,#N/A,skos:broadMatch,http://id.loc.gov/ontologies/bflc/aap,auktorisoitu hakutieto,auktoriserad sökingång,bf:Work,bf:Title,T,skos:exactMatch,http://rdaregistry.info/Elements/w/P10331,rdac:C10001,Teos,teoksen auktorisoitu hakutieto,S,L,,,
lkd:aapOrganiztion,lkd-v0.1: not included,yhteisön auktorisoitu hakutieto,auktoriserad sökingång för organisation,lkd:Organization,rdfs:Literal,,owl:DatatypeProperty,,bflc:aap,#N/A,skos:broadMatch,http://id.loc.gov/ontologies/bflc/aap,auktorisoitu hakutieto,auktoriserad sökingång,bf:Organization,bf:VariantTitle,,skos:exactMatch,http://rdaregistry.info/Elements/a/P50407,"rdac:C10002",Toimija,yhteisön auktorisoitu hakutieto,S,L,,RDA:n auktorisoidut hakutiedot eivät mappaudu mihinkään BF-ominaisuuteen,
lkd:aapPerson,lkd-v0.1: not included,henkilön auktorisoitu hakutieto,auktoriserad sökingång för person,lkd:Person,rdfs:Literal,,owl:DatatypeProperty,,bflc:aap,#N/A,skos:broadMatch,http://id.loc.gov/ontologies/bflc/aap,auktorisoitu hakutieto,auktoriserad sökingång,bf:Person,bf:VariantTitle,,skos:exactMatch,http://rdaregistry.info/Elements/a/P50411,"rdac:C10002",Toimija,henkilön auktorisoitu hakutieto,S,L,,RDA:n auktorisoidut hakutiedot eivät mappaudu mihinkään BF-ominaisuuteen,
lkd:aapTemporal,lkd-v0.1: not included,ajanjakson auktorisoitu hakutieto,auktoriserad sökingång för tidsperiod,"[ lkd:Chronology , lkd:Temporal ]",rdfs:Literal,,owl:DatatypeProperty,,bflc:aap,#N/A,skos:broadMatch,http://id.loc.gov/ontologies/bflc/aap,auktorisoitu hakutieto,auktoriserad sökingång,bf:Chronology,bf:VariantTitle,,skos:exactMatch,http://rdaregistry.info/Elements/t/P70047,rdac:C10010,Ajanjakso,ajanjakson auktorisoitu hakutieto,S,L,,Ajanjakson ominaisuudet eivät kuulu BF-tietomalliin;  http://id.loc.gov/ontologies/bibframe/Chronology - ei ole propertyjä,
lkd:aapVariantTemporal,lkd-v0.1: not included,ajanjakson varianttihakutieto,variantsökingång för tidsperiod,"[ lkd:Chronology , lkd:Temporal ]",rdfs:Literal,,owl:DatatypeProperty,,bflc:aap,#N/A,skos:broadMatch,http://id.loc.gov/ontologies/bflc/aap,auktorisoitu hakutieto,titel,bf:Chronology,bf:VariantTitle,,skos:exactMatch,http://rdaregistry.info/Elements/t/P70048,rdac:C10010,Ajanjakso,ajanjakson varianttihakutieto,,L,,Ajanjakson ominaisuudet eivät kuulu BF-tietomalliin ; http://id.loc.gov/ontologies/bibframe/Chronology - ei ole propertyjä,
lkd:AbbreviatedTitle,lkd-v0.1: included BF entity,lyhennetty nimeke,förkortad titel,,,,owl:Class,lkd:VariantTitle,,https://id.kb.se/vocab/AbbreviatedTitle,skos:exactMatch,http://id.loc.gov/ontologies/bibframe/AbbreviatedTitle,Lyhennetty nimeke,Förkortad titel,,,,skos:broadMatch,http://rdaregistry.info/Elements/c/C10012,,Luokka,Nomen,,,,,
lkd:AccessPolicy,lkd-v0.1: included BF entity,pääsyrajoitus,villkor för tillgång,,,,owl:Class,lkd:usageAndAccessPolicy,,https://id.kb.se/vocab/AccessPolicy,skos:exactMatch,http://id.loc.gov/ontologies/bibframe/AccessPolicy,pääsyrajoitus,,,,,skos:broadMatch,http://rdaregistry.info/Elements/c/C10013,,Luokka,RDA-entiteetti,,,,tämä luokka saa sitten instansseja metatietsanastosta kohdasta  http://urn.fi/URN:NBN:fi:au:mts:m600 Aineiston saatavuuden rajoitukset (manifestaatio) ,
lkd:AdminMetadata,lkd-v0.1: included BF entity,hallinnolliset metatiedot,administrativ metadata,,,,owl:Class,,,https://id.kb.se/vocab/adminMetadata,skos:exactMatch,http://id.loc.gov/ontologies/bibframe/AdminMetadata,Hallinnolliset metatiedot,Administrativ metadata,,,,skos:broadMatch,http://rdaregistry.info/Elements/c/C10001,,Luokka,Teos,,,,,
lkd:Agent,lkd-v0.1: included BF entity,toimija,agent,,,subPropertyOf kbv:object,owl:Class,,,https://id.kb.se/vocab/Agent,skos:exactMatch,http://id.loc.gov/ontologies/bibframe/Agent,Toimija,Agent,,,,skos:exactMatch,http://rdaregistry.info/Elements/c/C10002,,Luokka,Toimija,,,,,
lkd:agent,lkd-v0.1: included BF entity,toimija,agent,lkd:Contribution,lkd:Agent,subPropertyOf foaf:Agent,owl:ObjectProperty,,,https://id.kb.se/vocab/agent,skos:exactMatch,http://id.loc.gov/ontologies/bibframe/agent,liittyvä toimija,agent,,,,skos:exactMatch,http://rdaregistry.info/Elements/w/object/P10311,,Ekspressio,teokseen liittyvä toimija,,,,,
lkd:Aggregate,lkd-v0.1: new entity,aggregaatti,aggregat,,,subClassOf rdac:C10001,owl:Class,bf:Work,,https://id.kb.se/vocab/Aggregate,skos:closeMatch,http://id.loc.gov/ontologies/bibframe/Collection,Kokoelma,Samling,,,,skos:broadMatch,http://rdaregistry.info/Elements/c/C10001,,Luokka,Teos,,,,,
lkd:aggregates,lkd-v0.1: new entity,aggregoi expression,förenar expression,lkd:Aggregate,lkd:Expression,,owl:ObjectProperty,,bf:relatedTo,#N/A,skos:closeMatch,"http://id.loc.gov/ontologies/bibframe/hasPart",sisältää,har del,rdfs:Resource,rdfs:Resource,E,skos:exactMatch,http://rdaregistry.info/Elements/e/P20319,rdac:C10006,Ekspressio,aggregoi ekspression,,L,"Pakollinen, kun aggregoiva ekspressio kuvaillaan erikseen","MLS: ""lkd:aggregates"" owl:subPropertyOf bf:relatedTo, skos:exactMatch rdae:P20319",
lkd:birthDate,lkd-v0.1: not included,syntymäaika,födelsedatum,lkd:Person,rdfs:Literal,,owl:DatatypeProperty,,bf:date,https://id.kb.se/vocab/birthDate,skos:broadMatch,http://id.loc.gov/ontologies/bibframe/date,päiväys,datum,bf:Person,rdfs:Literal,,skos:exactMatch,http://rdaregistry.info/Elements/a/P50121,"rdac:C10002",Toimija,syntymäaika,S,L,,MLS: toimijoiden ominaisuudet eivät kuulu BF-tietomalliin,
lkd:Capture,lkd-v0.1: included BF entity,taltiointi,inspelning,,,"subClassOf rdac:C10007, rdfs:Resource",owl:Class,,,https://id.kb.se/vocab/Capture,skos:exactMatch,http://id.loc.gov/ontologies/bibframe/Capture,Taltiointi,Inspelning,,,,skos:broadMatch,http://rdaregistry.info/Elements/c/C10007,,Luokka,Manifestation,,,,,
lkd:capture,lkd-v0.1: included BF entity,tallennustiedot,inspelning,lkd:Manifestation,lkd:Capture,,owl:ObjectProperty,,,https://id.kb.se/vocab/capture,skos:exactMatch,http://id.loc.gov/ontologies/bibframe/capture,tallenne,inspelning,bf:Work,bf:Capture,E,skos:exactMatch,http://rdaregistry.info/Elements/e/P20217,rdac:C10006,Ekspressio,tallennustiedot,,L,Pakollinen musiikkiaineistossa,,
lkd:carrier,lkd-v0.1: included BF entity,tallennetyyppi,bärartyp,lkd:Manifestation,rdfs:Resource,,owl:ObjectProperty,,,https://id.kb.se/vocab/carrierType,skos:exactMatch,http://id.loc.gov/ontologies/bibframe/carrier,tallennetyyppi,bärartyp,bf:Instance,rdfs:Resource,,skos:exactMatch,http://rdaregistry.info/Elements/m/P30001,rdac:C10007,Manifestaatio,tallennetyyppi,S,L,,http://rdaregistry.info/termList/RDACarrierType,
lkd:Cartographic,lkd-v0.1: included BF entity,kartografinen tieto,kartografisk information,,,,owl:Class,lkd:Work,,https://id.kb.se/vocab/Cartography,skos:exactMatch,http://id.loc.gov/ontologies/bibframe/Cartographic,Kartografinen tieto,Kartografisk information,,,,skos:broadMatch,http://rdaregistry.info/Elements/c/C10013,,Luokka,RDA-entiteetti,,,,,
lkd:cartographicAttributes,lkd-v0.1: included BF entity,kartografinen data,kartografiska data,"[ lkd:Work, lkd:Manifestation ]",lkd:Cartographic,,owl:ObjectProperty,,,https://id.kb.se/vocab/cartographicAttributes,skos:exactMatch,http://id.loc.gov/ontologies/bibframe/cartographicAttributes,kartografinen data,kartografiska data,bf:Work; bf:Instance,bf:Cartographic,T,skos:closeMatch,http://rdaregistry.info/Elements/w/P10024,rdac:C10001,Teos,kartografisen sisällön koordinaatit,,,,,
lkd:categoryOfFamily,lkd-v0.1: not included,suvun kategoria,släktens kategori,lkd:Family,lkd:Classification,subPropertOf http://schema.org/hasCategoryCode,owl:ObjectProperty,,,https://id.kb.se/vocab/classification,skos:broadMatch,http://id.loc.gov/ontologies/bibframe/classification,luokka,klassifikation,bf:Family,bf:Classification,,skos:exactMatch,http://rdaregistry.info/Elements/a/P50051,"rdac:C10002",Toimija,suvun kategoria,S,L,,"MLS: toimijoiden ominaisuudet eivät kuulu BF-tietomalliin (bf  ""ignored"")",
lkd:categoryOfGovernment,lkd-v0.1: not included,julkisyhteisön kategoria,offentliga enhetens kategori,lkd:Organization,lkd:Classification,subPropertOf http://schema.org/hasCategoryCode,owl:ObjectProperty,,,https://id.kb.se/vocab/classification,skos:broadMatch,http://id.loc.gov/ontologies/bibframe/classification,luokka,klassifikation,bf:Organization,bf:Classification,,skos:exactMatch,http://rdaregistry.info/Elements/a/P50238,"rdac:C10002",Toimija,julkishallinnollisen yhteisön kategoria,S,L,,"MLS: toimijoiden ominaisuudet eivät kuulu BF-tietomalliin (bf  ""ignored"")",
lkd:categoryOfOrganization,lkd-v0.1: not included,yhteisön kategoria,organisatinens kategori,lkd:Organization,lkd:Classification,subPropertOf http://schema.org/hasCategoryCode,owl:ObjectProperty,,,https://id.kb.se/vocab/classification,skos:broadMatch,http://id.loc.gov/ontologies/bibframe/classification,luokka,klassifikation,bf:Organization,bf:Classification,,skos:exactMatch,http://rdaregistry.info/Elements/a/P50237,"rdac:C10002",Toimija,yhteisön kategoria,S,L,,"MLS: toimijoiden ominaisuudet eivät kuulu BF-tietomalliin (bf  ""ignored"")",
lkd:Chronology,lkd-v0.1: included BF entity,kronologia,kronologi,,,subClassOf rdac:C10010,owl:Class,bf:EnumerationAndChronology,,https://id.kb.se/vocab/Chronology,skos:exactMatch,http://id.loc.gov/ontologies/bibframe/Chronology,Kronologia,Kronologi,,,,skos:broadMatch,http://rdaregistry.info/Elements/c/C10010,,Luokka,Ajanjakso,,,,,
lkd:Classification,lkd-v0.1: included BF entity,luokitus,klassifikation,,,,owl:Class,,,https://id.kb.se/vocab/Classification,skos:exactMatch,http://id.loc.gov/ontologies/bibframe/Classification,Luokitus,Klassifikation,,,T,skos:broadMatch,http://rdaregistry.info/Elements/c/C10013,,Luokka,RDA-entiteetti,S,L,,,
lkd:classification,lkd-v0.1: included BF entity,luokitus,klassifikation,"[ lkd:Work , lkd:Manifestation , lkd:Item ]",lkd:Classification,subPropertyOf http://schema.org/hasCategoryCodee,owl:ObjectProperty,,,https://id.kb.se/vocab/classificationn,skos:exactMatch,"http://id.loc.gov/ontologies/bibframe/classification",luokitus,klassifikation,,,,skos:closeMatch,http://rdaregistry.info/Elements/w/P10256,rdac:C10001,Teos,aihe,,,,,
lkd:ClassificationYkl,lkd-v0.1: not included,YKL-luokitus,KAB-klassifikationen,,,,owl:Class,lkd:Classification,,#N/A,skos:broadMatch,http://id.loc.gov/ontologies/bibframe/Classification,Luokitus,Klassifikation,,,,skos:broadMatch,http://rdaregistry.info/Elements/c/C10013,,Luokka,RDA-entiteetti,,,,,
lkd:ClassificationYklFiction,lkd-v0.1: not included,YKL fiktiivinen lisäluokitus,KAB tilläggsklass för fiktivt material,,,,owl:Class,lkd:Classification,,#N/A,skos:broadMatch,http://id.loc.gov/ontologies/bibframe/Classification,Luokitus,Klassifikation,,,,skos:broadMatch,http://rdaregistry.info/Elements/c/C10013,,Luokka,RDA-entiteetti,,,,,
lkd:Collection,lkd-v0.1: included BF entity,kokoelma,samling,,,"subClassOf kbv:Aggregate , rdac:C10001",owl:Class,bf:Work,,https://id.kb.se/vocab/Collection,skos:exactMatch,http://id.loc.gov/ontologies/bibframe/Collection,Kokoelma,Samling,,,,skos:broadMatch,http://rdaregistry.info/Elements/c/C10001,,Luokka,Teos,,,,,
lkd:CollectiveTitle,lkd-v0.1: included BF entity,kokoava nimeke,samlingstitel,,,,owl:Class,lkd:VariantTitle,,https://id.kb.se/vocab/CollectiveTitle,skos:exactMatch,http://id.loc.gov/ontologies/bibframe/CollectiveTitle,Kokoava nimeke,Samlingstitel,,,,skos:broadMatch,http://rdaregistry.info/Elements/c/C10012,,Luokka,Nomen,,,,,
lkd:content,lkd-v0.1: included BF entity,sisältötyyppi,innehållstyp,,rdfs:Resource,,owl:ObjectProperty,,,https://id.kb.se/vocab/content,skos:exactMatch,http://id.loc.gov/ontologies/bibframe/content,sisältötyyppi,Innehållstyp,bf:Work,rdfs:Literal,E,skos:exactMatch,http://rdaregistry.info/Elements/e/P20001,rdac:C10006,Ekspressio,sisältötyyppi,S,L,,myös bf:Content - http://rdaregistry.info/termList/RDAContentType,
lkd:Contribution,lkd-v0.1: included BF entity,kontribuutio,medverkan,,,"subClassOf kbv:QualifiedRole ,rdac:C10002",owl:Class,,,https://id.kb.se/vocab/Contribution,skos:exactMatch,http://id.loc.gov/ontologies/bibframe/Contribution,Kontribuutio,Medverkan,,,,skos:broadMatch,http://rdaregistry.info/Elements/c/C10002,,Luokka,Toimija,,,,,
lkd:contributionOfExpression,lkd-v0.1: new entity,ekspressioon liittyvä toimija ja rooli,medverkan och funktion,lkd:Expression,lkd:Contribution,"[ lkd:agent [ a lkd:Person , lkd:Family, lkd:Organization ] ; lkd:role [ mts:m153 ] ]",owl:ObjectProperty,,bf:contribution,https://id.kb.se/vocab/contribution,skos:broadMatch,http://id.loc.gov/ontologies/bibframe/contribution,osallistuminen ja rooli,"medverkan och funktion",bf:Work,bf:Contribution > bf:role > bf:Role,,skos:broadMatch,http://rdaregistry.info/Elements/e/P20301,rdac:C10006,Ekspressio,ekspressioon liittyvä toimija,,,,,
lkd:contributionOfExpression,lkd-v0.1: new entity,ekspressioon liittyvä toimija ja rooli,medverkan och funktion,lkd:Expression,lkd:Contribution,"[ lkd:agent [ a lkd:Person , lkd:Family, lkd:Organization ] ; lkd:role [ mts:m153 ] ]",owl:ObjectProperty,,bf:contribution,https://id.kb.se/vocab/contribution,skos:broadMatch,http://id.loc.gov/ontologies/bibframe/contribution,osallistuminen ja rooli,"medverkan och funktion",bf:Work,bf:Contribution > bf:role > bf:Role,E,skos:narrowMatch,http://rdaregistry.info/Elements/e/P20338,rdac:C10006,Ekspressio,toimittaja (henkilö),,L,,"rdau:P60621 ""is editor of"" ;  esimerkki https://www.loc.gov/bibframe/docs/pdf/bf2-roles-march2017.pdf http://urn.fi/URN:NBN:fi:au:mts:m2332 ; Voiko olla suoraan bf:role - linkittyy bf:Role  instanssiin, jossa on prefLabel ja enkä skos:equalMatch johonkin sanastoon vai voisiko bf:role viitata suoraan Metatietosanastoon http://urn.fi/URN:NBN:fi:au:mts:m629  mutta bf:role  domain on bf:Contribution  -  eikä bf:Work tms.; ",
lkd:contributionOfExpression,lkd-v0.1: new entity,ekspressioon liittyvä toimija ja rooli,medverkan och funktion,lkd:Expression,lkd:Contribution,"[ lkd:agent [ a lkd:Person , lkd:Family, lkd:Organization ] ; lkd:role [ mts:m153 ] ]",owl:ObjectProperty,,bf:contribution,https://id.kb.se/vocab/contribution,skos:broadMatch,http://id.loc.gov/ontologies/bibframe/contribution,osallistuminen ja rooli,"medverkan och funktion",bf:Work,bf:Contribution > bf:role > bf:Role,E,skos:narrowMatch,http://rdaregistry.info/Elements/e/P20346,rdac:C10006,Ekspressio,kääntäjä (henkilö),,L,,"rdau:P60613 ""is translator of""  attributes http://bibfra.me/vocab/lite/contributor/; RDA ",
lkd:contributionOfExpression,lkd-v0.1: new entity,ekspressioon liittyvä toimija ja rooli,"medverkan och funktion",lkd:Expression,lkd:Contribution,"[ lkd:agent [ a lkd:Person , lkd:Family, lkd:Organization ] ; lkd:role [ mts:m153 ] ]",owl:ObjectProperty,,bf:contribution,https://id.kb.se/vocab/contribution,skos:broadMatch,http://id.loc.gov/ontologies/bibframe/contribution,osallistuminen ja rooli,"medverkan och funktion",bf:Work,bf:Contribution > bf:role > bf:Role,E,skos:narrowMatch,http://rdaregistry.info/Elements/e/P20351,rdac:C10006,Ekspressio,esittäjä (henkilö),,L,,"rdau:P60615  ""is performer of""",
lkd:contributionOfExpression,lkd-v0.1: new entity,ekspressioon liittyvä toimija ja rooli,"medverkan och funktion",lkd:Expression,lkd:Contribution,"[ lkd:agent [ a lkd:Person , lkd:Family, lkd:Organization ] ; lkd:role [ mts:m153 ] ]",owl:ObjectProperty,,bf:contribution,https://id.kb.se/vocab/contribution,skos:broadMatch,http://id.loc.gov/ontologies/bibframe/contribution,osallistuminen ja rooli,"medverkan och funktion",bf:Work,bf:Contribution > bf:role > bf:Role,E,skos:narrowMatch,http://rdaregistry.info/Elements/e/P20365,rdac:C10006,Ekspressio,sovittaja (henkilö),S,L,,"rdau:P60379  ""has arranger of music""",
lkd:contributionOfExpression,lkd-v0.1: new entity,ekspressioon liittyvä toimija ja rooli,"medverkan och funktion",lkd:Expression,lkd:Contribution,"[ lkd:agent [ a lkd:Person , lkd:Family, lkd:Organization ] ; lkd:role [ mts:m153 ] ]",owl:ObjectProperty,,bf:contribution,https://id.kb.se/vocab/contribution,skos:broadMatch,http://id.loc.gov/ontologies/bibframe/contribution,osallistuminen ja rooli,"medverkan och funktion",bf:Work,bf:Contribution > bf:role > bf:Role,E,skos:narrowMatch,http://rdaregistry.info/Elements/e/P20456,rdac:C10006,Ekspressio,toimittaja (yhteisö),,L,,,
lkd:contributionOfExpression,lkd-v0.1: new entity,ekspressioon liittyvä toimija ja rooli,"medverkan och funktion",lkd:Expression,lkd:Contribution,"[ lkd:agent [ a lkd:Person , lkd:Family, lkd:Organization ] ; lkd:role [ mts:m153 ] ]",owl:ObjectProperty,,bf:contribution,https://id.kb.se/vocab/contribution,skos:broadMatch,http://id.loc.gov/ontologies/bibframe/contribution,osallistuminen ja rooli,"medverkan och funktion",bf:Work,bf:Contribution > bf:role > bf:Role,E,skos:narrowMatch,http://rdaregistry.info/Elements/e/P20464,rdac:C10006,Ekspressio,kääntäjä (yhteisö),,L,,,
lkd:contributionOfExpression,lkd-v0.1: new entity,ekspressioon liittyvä toimija ja rooli,"medverkan och funktion",lkd:Expression,lkd:Contribution,"[ lkd:agent [ a lkd:Person , lkd:Family, lkd:Organization ] ; lkd:role [ mts:m153 ] ]",owl:ObjectProperty,,bf:contribution,https://id.kb.se/vocab/contribution,skos:broadMatch,http://id.loc.gov/ontologies/bibframe/contribution,osallistuminen ja rooli,"medverkan och funktion",bf:Work,bf:Contribution > bf:role > bf:Role,E,skos:narrowMatch,http://rdaregistry.info/Elements/e/P20469,rdac:C10006,Ekspressio,esittäjä (yhteisö),,L,,,
lkd:contributionOfExpression,lkd-v0.1: new entity,ekspressioon liittyvä toimija ja rooli,"medverkan och funktion",lkd:Expression,lkd:Contribution,"[ lkd:agent [ a lkd:Person , lkd:Family, lkd:Organization ] ; lkd:role [ mts:m153 ] ]",owl:ObjectProperty,,bf:contribution,https://id.kb.se/vocab/contribution,skos:broadMatch,http://id.loc.gov/ontologies/bibframe/contribution,osallistuminen ja rooli,"medverkan och funktion",bf:Work,bf:Contribution > bf:role > bf:Role,E,skos:narrowMatch,http://rdaregistry.info/Elements/e/P20483,rdac:C10006,Ekspressio,sovittaja (yhteisö),S,L,,,
lkd:contributionOfExpression,lkd-v0.1: new entity,ekspressioon liittyvä toimija ja rooli,"medverkan och funktion",lkd:Expression,lkd:Contribution,"[ lkd:agent [ a lkd:Person , lkd:Family, lkd:Organization ] ; lkd:role [ mts:m153 ] ]",owl:ObjectProperty,,bf:contribution,https://id.kb.se/vocab/contribution,skos:broadMatch,http://id.loc.gov/ontologies/bibframe/contribution,osallistuminen ja rooli,"medverkan och funktion",bf:Work,bf:Contribution > bf:role > bf:Role,E,skos:narrowMatch,http://rdaregistry.info/Elements/e/P20515,rdac:C10006,Ekspressio,toimittaja (suku),,L,,,
lkd:contributionOfExpression,lkd-v0.1: new entity,ekspressioon liittyvä toimija ja rooli,"medverkan och funktion",lkd:Expression,lkd:Contribution,"[ lkd:agent [ a lkd:Person , lkd:Family, lkd:Organization ] ; lkd:role [ mts:m153 ] ]",owl:ObjectProperty,,bf:contribution,https://id.kb.se/vocab/contribution,skos:broadMatch,http://id.loc.gov/ontologies/bibframe/contribution,osallistuminen ja rooli,"medverkan och funktion",bf:Work,bf:Contribution > bf:role > bf:Role,E,skos:narrowMatch,http://rdaregistry.info/Elements/e/P20523,rdac:C10006,Ekspressio,kääntäjä (suku),,L,,,
lkd:contributionOfExpression,lkd-v0.1: new entity,ekspressioon liittyvä toimija ja rooli,"medverkan och funktion",lkd:Expression,lkd:Contribution,"[ lkd:agent [ a lkd:Person , lkd:Family, lkd:Organization ] ; lkd:role [ mts:m153 ] ]",owl:ObjectProperty,,bf:contribution,https://id.kb.se/vocab/contribution,skos:broadMatch,http://id.loc.gov/ontologies/bibframe/contribution,osallistuminen ja rooli,"medverkan och funktion",bf:Work,bf:Contribution > bf:role > bf:Role,E,skos:narrowMatch,http://rdaregistry.info/Elements/e/P20528,rdac:C10006,Ekspressio,esittäjä (suku),,L,,,
lkd:contributionOfExpression,lkd-v0.1: new entity,ekspressioon liittyvä toimija ja rooli,"medverkan och funktion",lkd:Expression,lkd:Contribution,"[ lkd:agent [ a lkd:Person , lkd:Family, lkd:Organization ] ; lkd:role [ mts:m153 ] ]",owl:ObjectProperty,,bf:contribution,https://id.kb.se/vocab/contribution,skos:broadMatch,http://id.loc.gov/ontologies/bibframe/contribution,osallistuminen ja rooli,"medverkan och funktion",bf:Work,bf:Contribution > bf:role > bf:Role,E,skos:narrowMatch,http://rdaregistry.info/Elements/e/P20542,rdac:C10006,Ekspressio,sovittaja (suku),S,L,,,
lkd:contributionOfItem,lkd-v0.1: not included,kappaleeseen liittyvä toimija ja rooli,exemplars relationer till aktör or roll,lkd:Item,lkd:Contribution,"[ lkd:agent [ a lkd:Person , lkd:Family, lkd:Organization ] ; lkd:role [ mts:m1157 ]]",owl:ObjectProperty,,bf:contribution,https://id.kb.se/vocab/contribution,skos:broadMatch,http://id.loc.gov/ontologies/bibframe/contribution,osallistuminen ja rooli,"medverkan och funktion",bf:Work,bf:Contribution > bf:role > bf:Role,,skos:narrowMatch,,rdac:C10003,Kappale,eri rooleja,,,,kappaleen suhteet toimijaan versioon 0.2,
lkd:contributionOfManifestation,lkd-v0.1: new entity,manifestaatioon liittyvä toimija ja rooli,"medverkan och funktion",lkd:Manifestation,lkd:Contribution,"[ lkd:agent [ a lkd:Person , lkd:Family, lkd:Organization ] ; lkd:role [ mts:m491 ] ]",owl:ObjectProperty,,bf:contribution,https://id.kb.se/vocab/contribution,skos:broadMatch,http://id.loc.gov/ontologies/bibframe/contribution,osallistuminen ja rooli,"medverkan och funktion",bf:Instance,bf:Contribution > bf:role > bf:Role,,skos:narrowMatch,http://rdaregistry.info/Elements/m/P30343,rdac:C10007,Manifestaatio,stillkuvaan osallinen henkilö,,L,"Kuvittaja on pakollinen silloin, kun kuvitus on keskeinen, mutta ei ainoa aggregaatin sisältö",bf:Person,
lkd:contributionOfManifestation,lkd-v0.1: new entity,manifestaatioon liittyvä toimija ja rooli,"medverkan och funktion",lkd:Manifestation,lkd:Contribution,"[ lkd:agent [ a lkd:Person , lkd:Family, lkd:Organization ] ; lkd:role [ mts:m491 ] ]",owl:ObjectProperty,,bf:contribution,https://id.kb.se/vocab/contribution,skos:broadMatch,http://id.loc.gov/ontologies/bibframe/contribution,osallistuminen ja rooli,"medverkan och funktion",bf:Instance,bf:Publisher,,skos:narrowMatch,http://rdaregistry.info/Elements/m/P30362,rdac:C10007,Manifestaatio,kustantaja (henkilö),,L,"Pakollinen kansallisbibliografisessa kuvailussa, kun kyseessä on sellainen toimija, jonka pääasiallinen tehtävä ei ole kustantaminen (esim. erilaiset yhdistykset ja seurat)",bf:Person,
lkd:contributionOfManifestation,lkd-v0.1: new entity,manifestaatioon liittyvä toimija ja rooli,"medverkan och funktion",lkd:Manifestation,lkd:Contribution,"[ lkd:agent [ a lkd:Person , lkd:Family, lkd:Organization ] ; lkd:role [ mts:m491 ] ]",owl:ObjectProperty,,bf:contribution,https://id.kb.se/vocab/contribution,skos:broadMatch,http://id.loc.gov/ontologies/bibframe/contribution,osallistuminen ja rooli,"medverkan och funktion",bf:Instance,bf:Contribution > bf:role > bf:Role,,skos:narrowMatch,http://rdaregistry.info/Elements/m/P30401,rdac:C10007,Manifestaatio,stillkuvaan osallinen yhteisö,,L,"Kuvittaja on pakollinen silloin, kun kuvitus on keskeinen, mutta ei ainoa aggregaatin sisältö",bf:Organization,
lkd:contributionOfManifestation,lkd-v0.1: new entity,manifestaatioon liittyvä toimija ja rooli,"medverkan och funktion",lkd:Manifestation,lkd:Contribution,"[ lkd:agent [ a lkd:Person , lkd:Family, lkd:Organization ] ; lkd:role [ mts:m491 ] ]",owl:ObjectProperty,,bf:contribution,https://id.kb.se/vocab/contribution,skos:broadMatch,http://id.loc.gov/ontologies/bibframe/contribution,osallistuminen ja rooli,"medverkan och funktion",bf:Instance,bf:Publisher,,skos:narrowMatch,http://rdaregistry.info/Elements/m/P30420,rdac:C10007,Manifestaatio,kustantaja (yhteisö),,L,"Pakollinen kansallisbibliografisessa kuvailussa, kun kyseessä on sellainen toimija, jonka pääasiallinen tehtävä ei ole kustantaminen (esim. erilaiset yhdistykset ja seurat)",bf:Organization,
lkd:contributionOfManifestation,lkd-v0.1: new entity,manifestaatioon liittyvä toimija ja rooli,"medverkan och funktion",lkd:Manifestation,lkd:Contribution,"[ lkd:agent [ a lkd:Person , lkd:Family, lkd:Organization ] ; lkd:role [ mts:m491 ] ]",owl:ObjectProperty,,bf:contribution,https://id.kb.se/vocab/contribution,skos:broadMatch,http://id.loc.gov/ontologies/bibframe/contribution,osallistuminen ja rooli,"medverkan och funktion",bf:Instance,bf:Contribution > bf:role > bf:Role,,skos:narrowMatch,http://rdaregistry.info/Elements/m/P30430,rdac:C10007,Manifestaatio,stillkuvaan osallinen suku,,L,"Kuvittaja on pakollinen silloin, kun kuvitus on keskeinen, mutta ei ainoa aggregaatin sisältö",bf:Family,
lkd:contributionOfManifestation,lkd-v0.1: new entity,manifestaatioon liittyvä toimija ja rooli,"medverkan och funktion",lkd:Manifestation,lkd:Contribution,"[ lkd:agent [ a lkd:Person , lkd:Family, lkd:Organization ] ; lkd:role [ mts:m491 ] ]",owl:ObjectProperty,,bf:contribution,https://id.kb.se/vocab/contribution,skos:broadMatch,http://id.loc.gov/ontologies/bibframe/contribution,osallistuminen ja rooli,"medverkan och funktion",bf:Instance,bf:Publisher,,skos:narrowMatch,http://rdaregistry.info/Elements/m/P30449,rdac:C10007,Manifestaatio,kustantaja (suku),,L,"Pakollinen kansallisbibliografisessa kuvailussa, kun kyseessä on sellainen toimija, jonka pääasiallinen tehtävä ei ole kustantaminen (esim. erilaiset yhdistykset ja seurat)",bf:Family,
lkd:contributionOfWork,lkd-v0.1: new entity,teokseen liittyvä toimija ja rooli,"medverkan och funktion",lkd:Work,lkd:Contribution,"[ lkd:agent [ a lkd:Person , lkd:Family, lkd:Organization ] ; lkd:role [ mts:m34 ] ]",owl:ObjectProperty,,bf:contribution,https://id.kb.se/vocab/contribution,skos:broadMatch,http://id.loc.gov/ontologies/bibframe/contribution,osallistuminen ja rooli,"medverkan och funktion",bf:Work,bf:Contribution,T,skos:narrowMatch,http://rdaregistry.info/Elements/w/P10437,rdac:C10001,Teos,teoksen tekijä (henkilö),S,L,,"kts myös bf:role (D: Contribution, R:Role)",
lkd:contributionOfWork,lkd-v0.1: new entity,teokseen liittyvä toimija ja rooli,"medverkan och funktion",lkd:Work,lkd:Contribution,"[ lkd:agent [ a lkd:Person , lkd:Family, lkd:Organization ] ; lkd:role [ mts:m34 ] ]",owl:ObjectProperty,,bf:contribution,https://id.kb.se/vocab/contribution,skos:broadMatch,http://id.loc.gov/ontologies/bibframe/contribution,osallistuminen ja rooli,"medverkan och funktion",bf:Work,bf:Contribution,T,skos:narrowMatch,http://rdaregistry.info/Elements/w/P10531,rdac:C10001,Teos,teoksen tekijä (yhteisö),S,L,,"kts myös bf:role (D: Contribution, R:Role)",
lkd:contributionOfWork,lkd-v0.1: new entity,teokseen liittyvä toimija ja rooli,"medverkan och funktion",lkd:Work,lkd:Contribution,"[ lkd:agent [ a lkd:Person , lkd:Family, lkd:Organization ] ; lkd:role [ mts:m34 ] ]",owl:ObjectProperty,,bf:contribution,https://id.kb.se/vocab/contribution,skos:broadMatch,http://id.loc.gov/ontologies/bibframe/contribution,osallistuminen ja rooli,"medverkan och funktion",bf:Work,bf:Contribution,T,skos:narrowMatch,http://rdaregistry.info/Elements/w/P10578,rdac:C10001,Teos,teoksen tekijä (suku),S,L,,"kts myös bf:role (D: Contribution, R:Role)",
lkd:coordinates,lkd-v0.1: included BF entity,koordinaatit,koordinater,lkd:Cartographic,rdfs:Literal,,owl:DatatypeProperty,,,https://id.kb.se/vocab/coordinates,skos:exactMatch,http://id.loc.gov/ontologies/bibframe/coordinates,koordinaatit,koordinater,bf:Cartographic,rdfs:Literal,T,skos:exactMatch,http://rdaregistry.info/Elements/w/P10081,rdac:C10001,Teos,pituus- ja leveysasteet,,L,"Pakollinen, kun tieto on helposti saatavilla",longitud och latitud,
lkd:copyrightDate,lkd-v0.1: included BF entity,tekijänoikeusvuosi,copyrightdatum,lkd:Manifestation,rdfs:Literal,,owl:DatatypeProperty,,lkd:date,https://id.kb.se/vocab/copyrightDate,skos:closeMatch,http://id.loc.gov/ontologies/bibframe/copyrightDate,tekijänoikeusvuosi,Copyrightdatum,bf:Instance,rdfs:Literal,,skos:closeMatch,http://rdaregistry.info/Elements/m/P30007,rdac:C10007,Manifestaatio,copyright-vuosi,S,L,"Pakollinen, jos copyright-vuosi poikkeaa julkaisuajasta tai arvioidusta julkaisuajasta",,
lkd:country,lkd-v0.1: not included,maa,land,"[ rdfs:Resource , lkd:Item ,  lkd:ProvisionActivity ]","[ rdfs:Resource, lkd:Country ]",,owl:ObjectProperty,,bf:place,https://id.kb.se/vocab/country,skos:broadMatch,http://id.loc.gov/ontologies/bibframe/place,paikka,plats,bf:Person,bf:Place,,skos:narrowMatch,http://rdaregistry.info/Elements/a/P50097,"rdac:C10002",Toimija,henkilöön liittyvä maa,S,L,,MLS: toimijoiden ominaisuudet eivät kuulu BF-tietomalliin,
lkd:Country,lkd-v0.1: not included,maa,land,,,,owl:Class,lkd:Place,,https://id.kb.se/vocab/Country,skos:broadMatch,http://id.loc.gov/ontologies/bibframe/place,paikka,plats,,,,skos:broadMatch,http://rdaregistry.info/Elements/c/C10009,,Luokka,Paikka,,,,,
lkd:date,lkd-v0.1: included BF entity,päiväys,datum,rdfs:Resource,rdfs:Literal,,owl:DatatypeProperty,,,https://id.kb.se/vocab/date,skos:exactMatch,http://id.loc.gov/ontologies/bibframe/date,päiväys,datum,rdfs:Resource,rdfs:Literal,,skos:broadMatch,http://rdaregistry.info/Elements/x/P00011,rdac:C10013,Entiteetti,RDA-entiteettiin liittyvä ajanjakso,,,,,
lkd:dateOfCapture,lkd-v0.1: new entity,tallennusajankohta,datum för inspelning,lkd:Expression,rdfs:Resource,,owl:ObjectProperty,,lkd:capture,https://id.kb.se/vocab/capture,skos:broadMatch,http://id.loc.gov/ontologies/bibframe/capture,tallenne,inspelning,bf:Work,bf:Capture,E,skos:exactMatch,http://rdaregistry.info/Elements/e/P20004,rdac:C10006,Ekspressio,tallennusajankohta,,L,Pakollinen musiikkiaineistossa,,
lkd:deathDate,lkd-v0.1: not included,kuolinaika,dödsdatum,lkd:Person,rdfs:Literal,,owl:DatatypeProperty,,bf:date,https://id.kb.se/vocab/deathDate,skos:broadMatch,http://id.loc.gov/ontologies/bibframe/date,päiväys,datum,bf:Person,rdfs:Literal,,skos:exactMatch,http://rdaregistry.info/Elements/a/P50120,"rdac:C10002",Toimija,kuolinaika,S,L,,MLS: toimijoiden ominaisuudet eivät kuulu BF-tietomalliin,
lkd:derivedFrom,lkd-v0.1: included BF entity,kuvailun lähde,metadatakälla,lkd:AdminMetadata,rdfs:Resource,,owl:ObjectProperty,,,https://id.kb.se/vocab/derivedFrom,skos:exactMatch,http://id.loc.gov/ontologies/bibframe/derivedFrom,käytetty lähde,Metadatakälla,bf:AdminMetadata,rdfs:Resource,T,skos:closeMatch,http://rdaregistry.info/Elements/w/P10404,rdac:C10001,Teos,merkintälähde,,L,"Pakollinen vain sarjamaisessa teoksessa, kun merkintälähde ei ole nimiösivu, liikkuvaa kuvaa sisältävässä aineistossa, äänikirjoissa ja verkkoaineistoissa",M-LS: voisi määritellä alaominaisuudeksi BF-ominaisuudelle adminMetadata ; Arvot: http://rdaregistry.info/termList/RDARecordingSources,
lkd:dissertation,lkd-v0.1: included BF entity,tieto väitöskirjasta,anmärkning om akademisk avhandling,"[ lkd:Work, lkd:Manifestation ]",lkd:Dissertation,,owl:ObjectProperty,,,https://id.kb.se/vocab/dissertation,skos:exactMatch,http://id.loc.gov/ontologies/bibframe/dissertation,väitöskirja,Anmärkning om akademisk avhandling,bf:Work;bf:Instance,bf:Dissertation,,skos:exactMatch,http://rdaregistry.info/Elements/w/P10209,,Teos,tieto väitöskirjasta tai muusta akateemisesta opinnäytteestä,,,,,
lkd:Dissertation,lkd-v0.1: included BF entity,väitöskirja,akademisk avhandling,,,,owl:Class,,,https://id.kb.se/vocab/Dissertation,skos:exactMatch,http://id.loc.gov/ontologies/bibframe/Dissertation,väitöskirjan tiedot,Anmärkning om akademisk avhandling,,,,skos:broadMatch,http://rdaregistry.info/Elements/c/C10001,,Luokka,Teos,,,,,
lkd:Distribution,lkd-v0.1: included BF entity,jakaja,distribution,,,subClassOf rdac:C10002,owl:Class,bf:ProvisionActivity,,https://id.kb.se/vocab/Distribution,skos:exactMatch,http://id.loc.gov/ontologies/bibframe/Distribution,Jakaja,Distribution,,,,skos:broadMatch,http://rdaregistry.info/Elements/c/C10002,,Luokka,Toimija,,,,,
lkd:distribution,lkd-v0.1: included KBV entity,jakaja,distribution,lkd:Manifestation,lkd:Distribution,,owl:ObjectProperty,,lkd:provisionActivity,https://id.kb.se/vocab/distribution,skos:broadMatch,http://id.loc.gov/ontologies/bibframe/provisionActivity,tuotantomerkintö,"produktion, utgivning, distribution och/eller tillverkning",bf:Instance,bf:Distribution,,skos:closeMatch,http://rdaregistry.info/Elements/m/P30173,rdac:C10007,Manifestaatio,jakelijan nimi,S,L,Pakollinen vain videotallenteissa ,"MLS: täytyy miettiä. UWL ratkaisu ""vähän outo"" -- kts. http://id.loc.gov/ontologies/bflc/distributionStatement   range: rdfs:Literal",
lkd:duration,lkd-v0.1: included BF entity,kesto,speltid,,rdfs:Literal,subPropertyOf schema:StructuredValue . dcterms:SizeOrDuration,owl:DatatypeProperty,,,https://id.kb.se/vocab/duration,skos:exactMatch,http://id.loc.gov/ontologies/bibframe/duration,kesto,Speltid,bf:Work,rdfs:Literal,E,skos:exactMatch,http://rdaregistry.info/Elements/e/P20219,rdac:C10006,Ekspressio,kesto,,L,Pakollinen musiikissa ja liikkuvassa kuvassa,,
lkd:editionStatement,lkd-v0.1: not included,painosmerkintö,upplageuppgift,lkd:Manifestation,rdfs:Literal,,owl:DatatypeProperty,,,https://id.kb.se/vocab/editionStatement,skos:exactMatch,http://id.loc.gov/ontologies/bibframe/editionStatement,painosmerkintö,upplageuppgift,bf:Instnace,rdfs:Literal,,skos:exactMatch,http://rdaregistry.info/Elements/m/P30121,rdac:C10007,Manifestaatio,painokseen liittyvä vastuullisuusmerkintö,,,ei pakollinen,otin muutaman U.Washingtonin mappauksen tähän malliksi.,editionStatement
lkd:editionStatement,lkd-v0.1: included BF entity,painosmerkintö,upplageuppgift,lkd:Manifestation,rdfs:Literal,,owl:DatatypeProperty,,bf:editionStatement,https://id.kb.se/vocab/editionStatement,skos:exactMatch,http://id.loc.gov/ontologies/bibframe/editionStatement,painosmerkintö,upplageuppgift,bf:Instance,bf:Instance,,skos:closeMatch,http://rdaregistry.info/Elements/m/P30133,rdac:C10007,Manifestaatio,painosmäärite,S,L,Muuttumattoman lisäpainoksen painosmäärite on pakollinen vain laajan tason kuvailussa,,editionStatement
lkd:editionStatementOfRevision,lkd-v0.1: included BF entity,uudistetun painoksen painosmerkintö,upplageuppgift,lkd:Manifestation,rdfs:Literal,,owl:DatatypeProperty,,bf:editionStatement,https://id.kb.se/vocab/editionStatement,skos:broadMatch,http://id.loc.gov/ontologies/bibframe/editionStatement,painosmerkintö,upplageuppgift,bf:Instance,bf:Instance,,skos:closeMatch,http://rdaregistry.info/Elements/m/P30132,rdac:C10007,Manifestaatio,nimetyn uudistetun painoksen määrite,S,L,,,
lkd:Enumeration,lkd-v0.1: included BF entity,numerointi,numrering,,,,owl:Class,bf:EnumerationAndChronology,,#N/A,skos:exactMatch,http://id.loc.gov/ontologies/bibframe/Enumeration,numerointi,,,,,skos:broadMatch,http://rdaregistry.info/Elements/c/C10012,,Luokka,Nomen,,,,,
lkd:enumerationAndChronology,lkd-v0.1: included BF entity,numerointi,numrering,lkd:Meeting,lkd:Enumeration,,owl:ObjectProperty,,,https://id.kb.se/vocab/enumerationAndChronology,skos:exactMatch,http://id.loc.gov/ontologies/bibframe/enumerationAndChronology,numerointi,#N/A,bf:Meeting,bf:Enumeration,,skos:narrowMatch,http://rdaregistry.info/Elements/a/P50019,"rdac:C10002",Toimija,konferenssin numero,S,L,,M-LS: Tämä jää pois aineiston BF-tietomallista,
lkd:establshedDate,lkd-v0.1: not included,perustamisajankohta,tid för grundande,lkd:Organization,rdfs:Literal,,owl:DatatypeProperty,,bf:date,https://id.kb.se/vocab/establishDate,skos:broadMatch,http://id.loc.gov/ontologies/bibframe/date,päiväys,datum,bf:Organization,rdfs:Literal,,skos:exactMatch,http://rdaregistry.info/Elements/a/P50037,"rdac:C10002",Toimija,perustamisajankohta,S,L,"Pakollinen, kun sitä tarvitaan erottamaan samannimiset yhteisöt toisistaan",MLS: toimijoiden ominaisuudet eivät kuulu BF-tietomalliin,
lkd:Event,lkd-v0.1: included BF entity,tapahtuma,händelse,,,,owl:Class,,,https://id.kb.se/vocab/Event,skos:exactMatch,http://id.loc.gov/ontologies/bibframe/Event,tapahtuma,händelse,,,,skos:broadMatch,http://rdaregistry.info/Elements/c/C10013,,Luokka,RDA-entity,,,,"MS: eri kuin lkd:Meeting, joka on Agent - mikä sitten?",
lkd:Expression,lkd-v0.1: new entity,ekspressio,ekspression,,,,owl:Class,bf:Work ,,#N/A,skos:broadMatch,"http://id.loc.gov/ontologies/bibframe/Work",teos,verk,,,,skos:exactMatch,http://rdaregistry.info/Elements/c/C10006,,Luokka,Ekspressio,,,,,
lkd:expressionIdentifiedBy,lkd-v0.1: new entity,ekspression tunniste,identifikator av ekspression,lkd:Expression,lkd:Identifier,,owl:ObjectProperty,,bf:identifiedBy,https://id.kb.se/vocab/identifiedBy,skos:broadMatch,http://id.loc.gov/ontologies/bibframe/identifiedBy,tunniste,Identifikator,bf:Work,bf:Identifier,E,skos:exactMatch,http://rdaregistry.info/Elements/e/P20002,rdac:C10006,Ekspressio,ekspression tunniste,S,L,"Pakollinen, kun teos kuvaillaan erikseen, ISRC-tunnus pakollinen laajalla tasolla musiikkiaineistossa",,
lkd:expressionManifested,lkd-v0.1: new entity,manifestaatioon sisältyvä ekspressio,ekspression inom manifestationen,lkd:Expression,lkd:Manifestation,,owl:ObjectProperty,,,#N/A,skos:broadMatch,http://id.loc.gov/ontologies/bibframe/Instance,Instanssi,Instans,bf:Instance,bf:Work,,skos:exactMatch,http://rdaregistry.info/Elements/m/P30139,rdac:C10007,Manifestaatio,manifestaatioon sisältyvä ekspressio,S,L,Kuvailevan yhteisön päätettävissä,"owl:subPropertyOf bf:instanceOf , skos:exactMatch rdam:P30139",
lkd:expressionOf,lkd-v0.1: new entity,ekspression edustama teos,uttryck av,lkd:Expression,lkd:Work,subPropertyOf http://schema.org/exampleOfWork,owl:ObjectProperty,,bf:expressionOf,https://id.kb.se/vocab/expressionOf,skos:closeMatch,http://id.loc.gov/ontologies/bibframe/expressionOf,ekspression edustama teos,uttryck av,bf:Work,bf:Work,E,skos:exactMatch,http://rdaregistry.info/Elements/e/P20231,rdac:C10006,Ekspressio,ekspression edustama teos,S,L,"Merkitään, jos tallennusformaatti sen sallii",,
lkd:Extent,lkd-v0.1: included BF entity,laajuus,omfång,,,,owl:Class,,,https://id.kb.se/vocab/Extent ,skos:exactMatch,http://id.loc.gov/ontologies/bibframe/Extent,laajuus,Omfång,,,,skos:broadMatch,http://rdaregistry.info/Elements/c/C10013,,Luokka,RDA-entiteetti,,,,,
lkd:extent,lkd-v0.1: included BF entity,laajuus,omfång,rdfs:Resource,lkd:Extent,,owl:ObjectProperty,,,https://id.kb.se/vocab/extent,skos:closeMatch,http://id.loc.gov/ontologies/bibframe/extent,laajuus,Omfång,bf:Instance,bf:Extent,,skos:closeMatch,http://rdaregistry.info/Elements/m/P30182,rdac:C10007,Manifestaatio,manifestaation laajuus,S,L,,,
lkd:Family,lkd-v0.1: included BF entity,suku,släkt,,,,owl:Class,lkd:Agent,,https://id.kb.se/vocab/Family ,skos:exactMatch,http://id.loc.gov/ontologies/bibframe/Family,suku,Släkt,,,,skos:exactMatch,http://rdaregistry.info/Elements/c/C10008,,Luokka,Suku,,,,,
lkd:FamilyIdentifiedBy,lkd-v0.1: not included,suvun tunniste,identifikator av släkt,lkd:Family,lkd:Identifier,,owl:ObjectProperty,,bf:identifiedBy,https://id.kb.se/vocab/identifiedBy,skos:broadMatch,http://id.loc.gov/ontologies/bibframe/identifiedBy,tunniste,Identifikator,bf:Family,bf:Identifier,,skos:exactMatch,http://rdaregistry.info/Elements/a/P50052,"rdac:C10002",Toimija,suvun tunniste,S,L,,MLS: toimijoiden ominaisuudet eivät kuulu BF-tietomalliin,
lkd:familyName,lkd-v0.1: not included,suvun nimi,titel,lkd:Family,rdfs:Literal,,owl:DatatypeProperty,,bf:title,https://id.kb.se/vocab/name,skos:broadMatch,http://id.loc.gov/ontologies/bibframe/title,resurssin nimeke,titel,bf:Family,bf:Title,,skos:narrowMatch,http://rdaregistry.info/Elements/a/P50065,"rdac:C10002",Toimija,suvun ensisijainen nimi,S,L,,MLS: toimijoiden ominaisuudet eivät kuulu BF-tietomalliin,
lkd:firstIssue,lkd-v0.1: included BF entity,ensimmäinen numero,numrering av seriella resurser (första),rdfs:Resource,rdfs:Literal,,owl:DatatypeProperty,,,https://id.kb.se/vocab/firstIssue,skos:broadMatch,http://id.loc.gov/ontologies/bibframe/firstIssue,ensimmäinen numero,Numrering av seriella resurser (första),bf:Serial,rdfs:Literal,,skos:closeMatch,http://rdaregistry.info/Elements/m/P30147,rdac:C10007,Manifestaatio,numerointijakson ensimmäinen numero- ja/tai kirjainmäärite,S,L,Pakollinen vain sarjamaisessa teoksessa,,
lkd:firstIssueChronology,lkd-v0.1: new entity,numerointijakson ensimmäinen aikamäärite,första kronologiska betekningen för seriella resurs,rdfs:Resource,rdfs:Literal,,owl:DatatypeProperty,,bf:firstIssue,https://id.kb.se/vocab/firstIssue,skos:broadMatch,http://id.loc.gov/ontologies/bibframe/firstIssue,sarjan ensimmäinen numero,Numrering av seriella resurser (första),bf:Instance,rdfs:Literal,,skos:exactMatch,http://rdaregistry.info/Elements/m/P30149,rdac:C10007,Manifestaatio,numerointijakson ensimmäinen aikamäärite,S,L,Pakollinen vain sarjamaisessa teoksessa,,
lkd:fullerFormOfName,lkd-v0.1: not included,nimen täydellisempi muoto,titel,"[ lkd:Work , lkd:Manifestation ]",lkd:Title,,owl:ObjectProperty,,bf:title,https://id.kb.se/vocab/title,skos:broadMatch,http://id.loc.gov/ontologies/bibframe/title,resurssin nimeke,titel,bf:Person,bf:VariantTitle,,skos:narrowMatch,http://rdaregistry.info/Elements/a/P50115,"rdac:C10002",Toimija,nimen täydellisempi muoto,S,L,"Pakollinen, kun sitä tarvitaan erottamaan samannimiset henkilöt toisistaan",MLS: toimijoiden ominaisuudet eivät kuulu BF-tietomalliin,
lkd:grantingInstitution,lkd-v0.1: included BF entity,oppiarvon myöntävä yhteisö,lärosäte som utfärdat examen,lkd:Dissertation,lkd:Organization,,owl:ObjectProperty,,,https://id.kb.se/vocab/grantingInstitution,skos:exactMatch,"http://id.loc.gov/ontologies/bibframe/grantingInstitution",oppiarvon myöntävä yhteisö,Lärosäte som utfärdat examen,bf:Dissertation,rdfs:Resource,T,skos:exactMatch,http://rdaregistry.info/Elements/w/P10006,rdac:C10001,Teos,oppiarvon myöntävä yhteisö,,L,,grantingInstitution >> Organization,
lkd:hasExpression,lkd-v0.1: included BF entity,teoksen ekspressio,har uttryck,lkd:Work,lkd:Expression,,owl:ObjectProperty,,bf:relatedTo,https://id.kb.se/vocab/hasExpression,skos:exactMatch,http://id.loc.gov/ontologies/bibframe/hasExpression,teoksen ekspressio,har uttryck,bf:Work,lkd:Expression,T,skos:exactMatch,http://rdaregistry.info/Elements/w/P10078,rdac:C10001,Teos,teoksen ekspressio,S,L,"Merkitään, jos tallennusformaatti sen sallii",,
lkd:hasItem,lkd-v0.1: included BF entity,kappale,har bestånd,lkd:Manifestation,lkd:Item,,owl:ObjectProperty,,bf:relatedTo,https://id.kb.se/vocab/hasItem,skos:exactMatch,http://id.loc.gov/ontologies/bibframe/hasItem,kappale,Har bestånd,bf:Instance,bf:Item,,skos:closeMatch,http://rdaregistry.info/Elements/m/P30103,rdac:C10007,Manifestaatio,manifestaation kappale,S,L,,,
lkd:hasPart,lkd-v0.1: included BF entity,sisältää,har del,lkd:Work,lkd:Work,,owl:ObjectProperty,,bf:relatedTo,https://id.kb.se/vocab/hasPart,skos:exactMatch,http://id.loc.gov/ontologies/bibframe/hasPart,sisältää,har del,bf:Work; bf:Instance ; bf:Item ; bf:Event ; bf:Serial,,T,skos:exactMatch,http://rdaregistry.info/Elements/w/P10147,rdac:C10001,Teos,teoksen osa,,L,Pakollinen vain sarjamaisessa teoksessa,"MUST: implement narrower elements from RDA Registry into the data model: ""lkd"":hasPartWork rdfs:subPropertyOf bf:hasPart",
lkd:hasReproduction,lkd-v0.1: included BF entity,jäljenne,reproducerad som,"[ lkd:Manifestation , lkd:Item ]",lkd:Manifestation,,owl:ObjectProperty,,bf:hasEquivalent,https://id.kb.se/vocab/hasReproduction,skos:exactMatch,http://id.loc.gov/ontologies/bibframe/hasReproduction,jäljenne,Reproducerad som,bf:Instance,bf:Instance,,skos:exactMatch,http://rdaregistry.info/Elements/m/P30039,rdac:C10007,Manifestaatio,manifestaation jäljenne,,L,,,
lkd:hasVariant,lkd-v0.1: not included,varianttinimeke,variant,lkd:Manifestation,lkd:VariantTitle,,owl:ObjectProperty,,bf:title,https://id.kb.se/vocab/hasVariant,skos:broadMatch,http://id.loc.gov/ontologies/bibframe/title,resurssin nimeke,titel,bf:Manfestation,,,skos:closeMatch,http://rdaregistry.info/Elements/m/P30128,rdac:C10007,Manifestaatio,varianttinimeke,,,ei pakollinen,otin muutaman U.Washingtonin mappauksen tähän malliksi.,title >> VariantTitle > mainTitle
lkd:horizontalScale,lkd-v0.1: new entity,horisontaalinen mittakaava,skala,"[ lkd:Work , lkd:Expression , lkd:Manifestation ]",lkd:Scale,,owl:ObjectProperty,,bf:scale,https://id.kb.se/vocab/scale,skos:broadMatch,http://id.loc.gov/ontologies/bibframe/scale,mittakaava,skala,bf:Work,bf:Scale,E,skos:closeMatch,http://rdaregistry.info/Elements/e/P20226,rdac:C10006,Ekspressio,kartografisen sisällön horisontaalinen mittakaava,S,L,,,
lkd:Hub,lkd-v0.1: included BF entity,hub,hub,,,,owl:Class,lkd:Work,,https://id.kb.se/vocab/Hub ,skos:exactMatch,http://id.loc.gov/ontologies/bibframe/Hub,Hub,Hub,,,,skos:broadMatch,http://rdaregistry.info/Elements/c/C10001,,Luokka,Teos,,,,,
lkd:Identifier,lkd-v0.1: included BF entity,tunniste,identifikator,,,"subClassOf  rdac:C10012, kbv:StructuredValue",owl:Class,,,https://id.kb.se/vocab/Identifier ,skos:exactMatch,http://id.loc.gov/ontologies/bibframe/Identifier,Tunniste,Identifikator,,,,skos:broadMatch,http://rdaregistry.info/Elements/c/C10012,,Luokka,Nomen,,,,,
lkd:Illustration,lkd-v0.1: included BF entity,kuvasisältö,illustration,,,"subClassOF kbv:Resource , rdac:C10001",owl:Class,,,https://id.kb.se/vocab/Illustration ,skos:exactMatch,http://id.loc.gov/ontologies/bibframe/Illustration,Kuvasisältö,Illustration,,,,skos:broadMatch,http://rdaregistry.info/Elements/c/C10001,,Luokka,Teos,,,,,
lkd:illustrativeContent,lkd-v0.1: included BF entity,kuvasisältö,illustrativt innehåll,lkd:Manifestation,lkd:Illustration,,owl:ObjectProperty,,,https://id.kb.se/vocab/illustrativeContent,skos:closeMatch,http://id.loc.gov/ontologies/bibframe/illustrativeContent,kuvasisältö,Illustrativt innehåll,bf:Instance,bf:Illustration,,skos:closeMatch,http://rdaregistry.info/Elements/m/P30453,rdac:C10007,Manifestaatio,kuvasisältö,,L,Ei pakollinen kuvateoksissa,,
lkd:issuance,lkd-v0.1: included BF entity,julkaisutapa,utgivningssätt,lkd:Manifestation,lkd:Issuance,", rdau:P60051",owl:ObjectProperty,,,https://id.kb.se/vocab/issuanceType,skos:exactMatch,http://id.loc.gov/ontologies/bibframe/issuance,julkaisutapa,Utgivningssätt,bf:Manfestation,bf:Issuance,,skos:exactMatch,http://rdaregistry.info/Elements/m/P30003,rdac:C10007,Manifestaatio,julkaisutapa,,,ei pakollinen,konversiohuomiot (Marja-Liisa): kriittinen tarve: Tarve muuttaa stringi (literaaliarvo) tunnisteeksi,
lkd:Issuance,lkd-v0.1: included BF entity,julkaisutapa,utgivningssätt,,,,owl:Class,,,https://id.kb.se/vocab/IssuanceType,skos:exactMatch,http://id.loc.gov/ontologies/bibframe/Issuance,Julkaisutapa,Utgivningssätt,,,,skos:broadMatch,http://rdaregistry.info/Elements/m/P30013,,Luokka,RDA Entiteetti,,,,,
lkd:Item,lkd-v0.1: included BF entity,kappale,utgiven med,,,subCLassOf rdac:C10013,owl:Class,,,https://id.kb.se/vocab/Item ,skos:exactMatch,http://id.loc.gov/ontologies/bibframe/Item,Kappale,Bestånd,,,,skos:exactMatch,http://rdaregistry.info/Elements/c/C10003,,Luokka,Kappale,,,,,
lkd:itemIdentifiedBy,lkd-v0.1: new entity,kappaleen tunniste,identifikator av bestånd,lkd:Item,lkd:Identifier,,owl:ObjectProperty,,bf:identifiedBy,https://id.kb.se/vocab/identifiedBy,skos:broadMatch,http://id.loc.gov/ontologies/bibframe/identifiedBy,tunniste,Identifikator,bf:Item,bf:Identifier,,skos:exactMatch,http://rdaregistry.info/Elements/i/P40001,rdac:C10003,Kappale,kappaleen tunniste,S,L,,,
lkd:itemOf,lkd-v0.1: included BF entity,kappale kokoelmassa,bestånd på,lkd:Item,lkd:Manifestation,,owl:ObjectProperty,,bf:relatedTo,https://id.kb.se/vocab/itemOf,skos:exactMatch,http://id.loc.gov/ontologies/bibframe/itemOf,kappale kokoelmassa,bestånd på,bf:Item,bf:Instance,,skos:closeMatch,http://rdaregistry.info/Elements/i/P40049,rdac:C10003,Kappale,kappaleen edustama manifestaatio,S,L,,,
lkd:KeyTitle,lkd-v0.1: included BF entity,avainnimeke,nyckeltitel,,,,owl:Class,lkd:VariantTitle,,https://id.kb.se/vocab/KeyTitle ,skos:exactMatch,"http://id.loc.gov/ontologies/bibframe/KeyTitle",Avainnimeke,Nyckeltitel,,,,skos:broadMatch,http://rdaregistry.info/Elements/c/C10012,,Luokka,Nomen,,,,,
lkd:keyTitle,lkd-v0.1: not included,avainnimeke,nyckeltitel,"[ lkd:Work , lkd:Expression ]",lkd:KeyTitle,,owl:ObjectProperty,,bf:title,https://id.kb.se/vocab/mainTitle,skos:broadMatch,http://id.loc.gov/ontologies/bibframe/title,päänimeke,huvudtitel,bf:Work,bf:KeyTitle,T,skos:exactMatch,http://rdaregistry.info/Elements/w/P10367,rdac:C10001,Teos,avainnimeke,,L,Pakollinen vain sarjamaisessa teoksessa ja kansallisbibliografisessa kuvailussa,Riittääkkö pelkästään lkd:variantTitle --  RDA Range:Nomen; KeyTitle subClassOf bf:VariantTitle ; Mappaus: bf:title >> KeyTitle > mainTitle  ,
lkd:language,lkd-v0.1: included BF entity,kieli,språk,rdfs:Resource,rdfs:Resource,dct:language,owl:ObjectProperty,,,https://id.kb.se/vocab/language,skos:exactMatch,http://id.loc.gov/ontologies/bibframe/language,kieli,Språk,rdfs:Resource,rdfs:Resource,E,skos:exactMatch,http://rdaregistry.info/Elements/u/P60099,rdac:C10013,Entiteetti,has language of resource (@en),,,,"rdau:P60099 ""has language of resource""",
lkd:languageOfOrganization,lkd-v0.1: new entity,organisaation kieli,språk av organisationen,lkd:Organization,rdfs:Resource,,owl:ObjectProperty,,lkd:language,#N/A,skos:broadMatch,http://id.loc.gov/ontologies/bibframe/language,kieli,Språk,bf:Organization,rdfs:Resource,,skos:exactMatch,http://rdaregistry.info/Elements/a/P50023,"rdac:C10002",Toimija,yhteisön käyttämä kieli,,L,"pakollinen kirjastojen kuvailussa, jos kielellä on merkitystä toimijan tunnistamisen kannalta",MLS: toimijoiden ominaisuudet eivät kuulu BF-tietomalliin,
lkd:languageOfWork,lkd-v0.1: new entity,teoksen kieli,språk av verket,lkd:Work,rdfs:Resource,,owl:ObjectProperty,,lkd:language,#N/A,skos:broadMatch,http://id.loc.gov/ontologies/bibframe/language,kieli,Språk,bf:Work,rdfs:Resource,T,skos:narrowMatch,http://rdaregistry.info/Elements/e/P20006,rdac:C10006,Ekspressio,ekspression kieli,S,L,,,
lkd:lastIssue,lkd-v0.1: included BF entity,viimeinen numero,numrering av seriella resurser (sista),"[ rdfs:Resource , lkd:Manifestation ]",rdfs:Literal,,owl:DatatypeProperty,,,https://id.kb.se/vocab/lastIssue,skos:exactMatch,http://id.loc.gov/ontologies/bibframe/lastIssue,viimeinen numero,Numrering av seriella resurser (sista),bf:Serial,rdfs:Literal,,skos:closeMatch,http://rdaregistry.info/Elements/m/P30148,rdac:C10007,Manifestaatio,numerointijakson viimeinen numero- ja/tai kirjainmäärite,S,L,Pakollinen vain sarjamaisessa teoksessa,,
lkd:lastIssueChronology,lkd-v0.1: new entity,numerointijakson viimeinen aikamäärite,numrering av seriella resurser (sista),"[ rdfs:Resource , lkd:Manifestation ]",rdfs:Literal,,owl:DatatypeProperty,,lkd:lastIssue,https://id.kb.se/vocab/lastIssue,skos:broadMatch,http://id.loc.gov/ontologies/bibframe/lastIssue,viimeisin numero,Numrering av seriella resurser (sista),bf:Instance,rdfs:Literal,,skos:exactMatch,http://rdaregistry.info/Elements/m/P30150,rdac:C10007,Manifestaatio,numerointijakson viimeinen aikamäärite,S,L,Pakollinen vain sarjamaisessa teoksessa,,
lkd:latitude,lkd-v0.1: new entity,leveysaste,latitud,lkd:Cartographic,rdfs:Literal,,owl:DatatypeProperty,,lkd:coordinates,https://id.kb.se/vocab/coordinates,skos:broadMatch,http://id.loc.gov/ontologies/bibframe/coordinates,koordinaatit,koordinater,bf:Cartographic,rdfs:Literal,T,skos:exactMatch,http://rdaregistry.info/Elements/w/P10300,rdac:C10001,Teos,leveysaste,,L,"Pakollinen, kun tieto on helposti saatavilla",BF ei erottele eri kenttiin,
lkd:longitude,lkd-v0.1: new entity,pituusaste,longitud,lkd:Cartographic,rdfs:Literal,,owl:DatatypeProperty,,lkd:coordinates,https://id.kb.se/vocab/coordinates,skos:broadMatch,http://id.loc.gov/ontologies/bibframe/coordinates,koordinaatit,koordinater,bf:Cartographic,rdfs:Literal,T,skos:exactMatch,http://rdaregistry.info/Elements/w/P10301,rdac:C10001,Teos,pituusaste,,L,"Pakollinen, kun tieto on helposti saatavilla",BF ei erottele eri kenttiin,
lkd:mainTitle,lkd-v0.1: included BF entity,nimekkeen merkkijono,sträng av titel,lkd:Title,rdfs:Literal,,owl:DatatypeProperty,,,#N/A,skos:exactMatch,http://id.loc.gov/ontologies/bibframe/mainTitle,päänimeke,huvudtitel,bf:Title,,,,,,,,,,ei pakollinen -- DEPREKOITU!,otin muutaman U.Washingtonin mappauksen tähän malliksi.,title >> VariantTitle > mainTitle and variantType “Later title proper”
lkd:Manifestation,lkd-v0.1: included BF entity,manifestaatio,manifestation,,,subClassOf rdac:C10007,owl:Class,,,https://id.kb.se/vocab/Instance ,skos:exactMatch,http://id.loc.gov/ontologies/bibframe/Instance,Instanssi,Instans,,,,skos:narrowMatch,http://rdaregistry.info/Elements/c/C10007,,Luokka,Manifestaatio,,,,,
lkd:manifestationIdentifiedBy,lkd-v0.1: new entity,manifestaation tunniste,identifikator av manifestation,lkd:Manifestation,lkd:Identifier,,owl:ObjectProperty,,bf:identifiedBy,https://id.kb.se/vocab/identifiedBy,skos:broadMatch,http://id.loc.gov/ontologies/bibframe/identifiedBy,tunniste,Identifikator,bf:Instance,bf:Identifier,,skos:exactMatch,http://rdaregistry.info/Elements/m/P30004,rdac:C10007,Manifestaatio,manifestaation tunniste,S,L,Myös sarjan ja alasarjan ISSN-tunnukset ovat pakollisia,,
lkd:manifestationOfExpression,lkd-v0.1: new entity,ekspression manifestaatio,manifestation av ekspression,lkd:Expression,lkd:Manifestation,,owl:ObjectProperty,,bf:hasInstance,https://id.kb.se/vocab/hasInstance,skos:broadMatch,http://id.loc.gov/ontologies/bibframe/hasInstance,teoksen kappale,har instans,bf:Work,bf:Instance,E,skos:closeMatch,http://rdaregistry.info/Elements/e/P20059,rdac:C10006,Ekspressio,ekspression manifestaatio,S,L,"Merkitään, jos tallennusformaatti sen sallii",,
lkd:manifestationOfWork,lkd-v0.1: new entity,teoksen manifestaatio,manifestation av verk,lkd:Work,lkd:Manifestation,,owl:ObjectProperty,,bf:hasInstance,https://id.kb.se/vocab/hasInstance,skos:broadMatch,http://id.loc.gov/ontologies/bibframe/hasInstance,teoksen kappale,har instans,bf:Work,bf:Instance,T,skos:closeMatch,http://rdaregistry.info/Elements/w/P10072,rdac:C10001,Teos,teoksen manifestaatio,S,L,"Merkitään, jos tallennusformaatti sen sallii",,
lkd:Manufacture,lkd-v0.1: included BF entity,valmistaja,tillverkare,,,,owl:Class,,,https://id.kb.se/vocab/Manufacture ,skos:exactMatch,http://id.loc.gov/ontologies/bibframe/Manufacture,,,,,,skos:broadMatch,http://rdaregistry.info/Elements/c/C10002,,Luokka,Toimija,,,,,
lkd:manufacture,lkd-v0.1: included KBV entity,valmistaja ,tillverkning,lkd:Manifestation,lkd:Manufacture,[ lkd:place ; lkd:agent ],owl:ObjectProperty,,bf:provisionActivity,https://id.kb.se/vocab/Manufacture ,skos:broadMatch,http://id.loc.gov/ontologies/bibframe/provisionActivity,tuotantomerkintö,"produktion, utgivning, distribution och/eller tillverkning",bf:Instance,bf:Manufacture > bf:place > bf:Place,,skos:narrowMatch,http://rdaregistry.info/Elements/m/P30087,rdac:C10007,Manifestaatio,valmistuspaikka,,L,Pakollinen vain kansallisbibliorafisessa kuvailussa,MLS: Mappaus:  provisionActivity >> Manufacture > place*   --- valmistajan paikka?  kts. myös  http://id.loc.gov/ontologies/bflc/manufactureStatement   range: rdfs:Literal,
lkd:manufacture,lkd-v0.1: included KBV entity,valmistaja,tillverkning,lkd:Manifestation,lkd:Manufacture,[ lkd:place ; lkd:agent ],owl:ObjectProperty,,bf:provisionActivity,https://id.kb.se/vocab/Manufacture ,skos:broadMatch,http://id.loc.gov/ontologies/bibframe/provisionActivity,tuotantomerkintö,"produktion, utgivning, distribution och/eller tillverkning",bf:Instance,bf:Manufacture,,skos:narrowMatch,http://rdaregistry.info/Elements/m/P30175,rdac:C10007,Manifestaatio,valmistajan nimi,,L,Pakollinen vain kansallisbibliorafisessa kuvailussa,"MLS: täytyy miettiä. UWL ratkaisu ""vähän outo""  kts. myös  http://id.loc.gov/ontologies/bflc/manufactureStatement   range: rdfs:Literal",
lkd:media,lkd-v0.1: included BF entity,mediatyyppi,medietyp,"[ lkd:Work, lkd:Manifestation ]",rdfs:Resource,,owl:ObjectProperty,,,https://id.kb.se/vocab/mediaType,skos:exactMatch,http://id.loc.gov/ontologies/bibframe/media,mediatyyppi,Medietyp,bf:Instance,bf:Media,,skos:exactMatch,http://rdaregistry.info/Elements/m/P30002,rdac:C10007,Manifestaatio,mediatyyppi,S,L,,http://rdaregistry.info/termList/RDAMediaType,
lkd:Media,lkd-v0.1: included BF entity,mediatyyppi,medietyp,,,,owl:Class,,,https://id.kb.se/vocab/MediaType,skos:exactMatch,http://id.loc.gov/ontologies/bibframe/Media,,,,,,skos:exactMatch,"http://rdaregistry.info/termList/RDAMediaType",,Luokka,Mediatyyppi,,,,prefix: rdamt,
lkd:Meeting,lkd-v0.1: included BF entity,kokous,möte,,,,owl:Class,lkd:Agent,,https://id.kb.se/vocab/Meeting ,skos:exactMatch,http://id.loc.gov/ontologies/bibframe/Meeting,,,,,,skos:broadMatch,http://rdaregistry.info/Elements/c/C10005,,Luokka,Yhteisö,,,,"kts. myös bf:Event  ""Tapahtuma""  ""Händelse""",
lkd:meetingDate,lkd-v0.1: not included,konferenssin ajankohta,tid för konferens,lkd:Meeting,rdfs:Literal,,owl:DatatypeProperty,,lkd:date,,skos:broadMatch,http://id.loc.gov/ontologies/bibframe/date,päiväys,datum,bf:Meeting,rdfs:Literal,,skos:exactMatch,http://rdaregistry.info/Elements/a/P50039,"rdac:C10002",Toimija,konferenssin ajankohta,S,L,,MLS: toimijoiden ominaisuudet eivät kuulu BF-tietomalliin,
lkd:meetingPlace,lkd-v0.1: new entity,konferenssin paikka,ursprungsplats för verket,lkd:Meeting,lkd:Place,,owl:ObjectProperty,,lkd:place,#N/A,skos:broadMatch,http://id.loc.gov/ontologies/bibframe/place,,,,,,skos:exactMatch,http://rdaregistry.info/Elements/a/P50024,"rdac:C10002",Toimija,konferenssin paikka,S,L,,MLS: toimijoiden ominaisuudet eivät kuulu BF-tietomalliin,
lkd:musicFormat,lkd-v0.1: included BF entity,nuottiaineiston muoto,format för noterad musik,"[ lkd:Work , lkd:Manifestation ]",lkd:MusicFormat,,owl:ObjectProperty,,,https://id.kb.se/vocab/musicFormat,skos:exactMatch,http://id.loc.gov/ontologies/bibframe/musicFormat,nuottiaineiston muoto,Format för noterad musik,bf:Work,bf:MusicFormat,E,skos:exactMatch,http://rdaregistry.info/Elements/e/P20209,rdac:C10006,Ekspressio,nuottiaineiston muoto,,L,,,
lkd:MusicFormat,lkd-v0.1: included BF entity,nuottiaineiston muoto,format för noterad musik,,,,owl:Class,lkd:Notation,,https://id.kb.se/vocab/MusicFormat,skos:exactMatch,http://id.loc.gov/ontologies/bibframe/MusicFormat,,,,,,skos:exactMatch,"http://rdaregistry.info/termList/MusNotation",,Luokka,Nuottiaineiston muoto,,,,prefix rdafmn,
lkd:musicKeyOfExpression,lkd-v0.1: new entity,ekspression sävellaji,tonart av ekspression,lkd:Expression,rdfs:Literal,,owl:DatatypeProperty,,bf:musicKey,https://id.kb.se/vocab/musicKey,skos:closeMatch,http://id.loc.gov/ontologies/bibframe/musicKey,sävellaji,tonart,bf:Work,rdfs:Literal,E,skos:exactMatch,http://rdaregistry.info/Elements/e/P20326,rdac:C10006,Ekspressio,ekspression sävellaji,,L,"Pakollinen, jos tieto on helposti saatavilla",,
lkd:musicKeyOfRepresentativeExpression,lkd-v0.1: new entity,edustavan eksperssion sävellaji,tonart av representativ ekspression,lkd:Work,rdfs:Literal,,owl:DatatypeProperty,,bf:musicKey,https://id.kb.se/vocab/musicKey,skos:closeMatch,http://id.loc.gov/ontologies/bibframe/musicKey,sävellaji,tonart,bf:Work,rdfs:Literal,E,skos:exactMatch,http://rdaregistry.info/Elements/w/P10221,rdac:C10001,Teos,edustavan ekspression sävellaji,,L,,,
lkd:MusicMedium,lkd-v0.1: included BF entity,esityskokoonpano,besättning,,,,owl:Class,,,https://id.kb.se/vocab/MusicMedium,skos:exactMatch,http://id.loc.gov/ontologies/bibframe/MusicMedium,,,,,,skos:broadMatch,http://rdaregistry.info/Elements/c/C10013,,Luokka,RDA-entiteetti,,,,,
lkd:musicMedium,lkd-v0.1: included BF entity,musiikin esityskokoonpano,uppsättning för framförande,lkd:Work,lkd:MusicMedium,,owl:ObjectProperty,,,https://id.kb.se/vocab/musicMedium,skos:exactMatch,http://id.loc.gov/ontologies/bibframe/musicMedium,musiikin esityskokoonpano,Besättning,bf:Work,bf:MusicMedium,E,skos:exactMatch,http://rdaregistry.info/Elements/e/P20215,rdac:C10006,Ekspressio,musiikin esityskokoonpano,,L,,,
lkd:musicOpusNumber,lkd-v0.1: included BF entity,opusnumero,opusnummer,lkd:Work,rdfs:Literal,,owl:DatatypeProperty,,,https://id.kb.se/vocab/musicOpusNumber,skos:exactMatch,http://id.loc.gov/ontologies/bibframe/musicOpusNumber,opusnumero,Opusnummer,bf:Work,rdfs:Literal,T,skos:exactMatch,http://rdaregistry.info/Elements/w/P10333,rdac:C10001,Teos,opusnumero,,L,Pakollinen kansallisbibliografisessa kuvailussa ,,
lkd:musicSerialNumber,lkd-v0.1: included BF entity,musiikkiteoksen järjestysnumero,nummer i verkförteckning,lkd:Work,rdfs:Literal,,owl:DatatypeProperty,,,https://id.kb.se/vocab/musicSerialNumber,skos:exactMatch,http://id.loc.gov/ontologies/bibframe/musicSerialNumber,musiikkiteoksen järjestysnumero,Nummer i verkförteckning,bf:Work,rdfs:Literal,T,skos:exactMatch,http://rdaregistry.info/Elements/w/P10334,rdac:C10001,Teos,musiikkiteoksen järjestysnumero,,L,Pakollinen kansallisbibliografisessa kuvailussa,,
lkd:musicThematicNumber,lkd-v0.1: included BF entity,temaattisen teosluettelon numero,nummer i tematisk förteckning,lkd:Work,rdfs:Literal,,owl:DatatypeProperty,,,https://id.kb.se/vocab/musicThematicNumber,skos:exactMatch,http://id.loc.gov/ontologies/bibframe/musicThematicNumber,temaattisen teosluettelon numero,Nummer i tematisk förteckning,bf:Work,rdfs:Literal,T,skos:exactMatch,http://rdaregistry.info/Elements/w/P10335,rdac:C10001,Teos,temaattisen teosluettelon numero,,L,Pakollinen kansallisbibliografisessa kuvailussa,,
lkd:name,lkd-v0.1: not included,resurssin nimekkeen merkkijono,titel,"[ lkd:Work , lkd:Expression , lkd:Manifestation ]",rdfs:Literal,,owl:DatatypeProperty,,,https://id.kb.se/vocab/title,skos:exactMatch,http://id.loc.gov/ontologies/bibframe/title,resurssin nimeke,titel,bf:Nomen,rdfs:Literal,,skos:closeMatch,http://rdaregistry.info/Elements/n/P80068,rdac:C10012,Nomen,nomenin merkkijono,S,L,,Nomenin ominaisuudet eivät kuulu BF-tietomalliin ; bf issue: https://github.com/lcnetdev/bibframe-ontology/issues/80,
lkd:notation,lkd-v0.1: included BF entity,nuottikirjoituksen tyyppi,notationssystem,"[ lkd:Work , lkd:Manifestation ]",lkd:Notation,,owl:ObjectProperty,,,https://id.kb.se/vocab/notation,skos:exactMatch,http://id.loc.gov/ontologies/bibframe/notation,nuottikirjoituksen tyyppi,Notationssystem,bf:Work,bf:Notation,E,skos:exactMatch,http://rdaregistry.info/Elements/e/P20064,rdac:C10006,Ekspressio,nuottikirjoituksen tyyppi,,L,,,
lkd:Notation,lkd-v0.1: included BF entity,notaatio,notationssystem,,,,owl:Class,,,https://id.kb.se/vocab/Notation,skos:exactMatch,http://id.loc.gov/ontologies/bibframe/Notation,,,,,,skos:broadMatch,"http://rdaregistry.info/termList/noteMove",,Luokka,notaation tyyppi,,,,prefix rdafnv,
lkd:occupation,lkd-v0.1: not included,ammatti tai tehtävä,yrke eller funktion,lkd:Person,rdfs:Resource,schema:hasOccupation,owl:ObjectProperty,,,https://id.kb.se/vocab/classification,skos:closeMatch,http://id.loc.gov/ontologies/bibframe/classification,luokka,klassifikation,bf:Person,madsrdf:Occupation,,skos:exactMatch,http://rdaregistry.info/Elements/a/P50104,"rdac:C10002",Toimija,henkilön ammatti tai tehtävä,,L,,KB https://id.kb.se/vocab/hasOccupation,
lkd:Organization,lkd-v0.1: included BF entity,yhteisö,organisation,,,,owl:Class,lkd:Agent,,https://id.kb.se/vocab/Organization ,skos:exactMatch,http://id.loc.gov/ontologies/bibframe/Organization,,,,,,skos:exactMatch,http://rdaregistry.info/Elements/c/C10005,,Luokka,Yhteisö,,,,,
lkd:organizationIdentifiedBy,lkd-v0.1: not included,yhteisön tunniste,identifikator av organisation,lkd:Organization,lkd:Identifier,,owl:ObjectProperty,,bf:identifiedBy,https://id.kb.se/vocab/identifiedBy,skos:broadMatch,http://id.loc.gov/ontologies/bibframe/identifiedBy,tunniste,Identifikator,bf:Organization,bf:Identifier,,skos:exactMatch,http://rdaregistry.info/Elements/a/P50006,"rdac:C10002",Toimija,yhteisön tunniste,S,L,,MLS: toimijoiden ominaisuudet eivät kuulu BF-tietomalliin,
lkd:organizationName,lkd-v0.1: not included,organisaation nimi,titel,lkd:Organization,rdfs:Literal,,owl:DatatypeProperty,,lkd:title,https://id.kb.se/vocab/name,skos:broadMatch,http://id.loc.gov/ontologies/bibframe/title,resurssin nimeke,titel,bf:Organization,,,skos:narrowMatch,http://rdaregistry.info/Elements/a/P50041,"rdac:C10002",Toimija,yhteisön ensisijainen nimi,S,L,,MLS: toimijoiden ominaisuudet eivät kuulu BF-tietomalliin,
lkd:originDate,lkd-v0.1: included BF entity,teoksen ajankohta,tid för verket,lkd:Work,rdfs:Literal,,owl:DatatypeProperty,,lkd:date,https://id.kb.se/vocab/originDate,skos:exactMatch,http://id.loc.gov/ontologies/bibframe/originDate,teoksen ajankohta,Tid för verket,bf:Work,rdfs:Literal,T,skos:exactMatch,http://rdaregistry.info/Elements/w/P10219,rdac:C10001,Teos,teoksen ajankohta,S,L,Pakollinen suppealla tasolla elokuvan auktorisoidussa hakutiedossa (ensi-iltavuosi) ja laajalla tasolla musiikkiaineistossa.,,
lkd:originPlace,lkd-v0.1: included BF entity,teoksen alkuperään liittyvä paikka,ursprungsplats för verket,lkd:Work,rdfs:Resource,,owl:ObjectProperty,,lkd:place,https://id.kb.se/vocab/originPlace,skos:exactMatch,http://id.loc.gov/ontologies/bibframe/originPlace,teoksen alkuperään liittyvä paikka,Ursprungsplats för verket,bf:Work,rdfs:Resource,T,skos:exactMatch,http://rdaregistry.info/Elements/w/P10218,rdac:C10001,Teos,teoksen alkuperään liittyvä paikka,,L,Pakollinen musiikkiaineistossa,,
lkd:otherEdition,lkd-v0.1: not included,muu painos,annan utgåva,lkd:Manifestation,lkd:Manifestation,,owl:ObjectProperty,,bf:relatedTo,https://id.kb.se/vocab/otherEdition,skos:exactMatch,http://id.loc.gov/ontologies/bibframe/otherEdition,muu painos,annan utgåva,bf:Instance,bf:Instance,,skos:narrowMatch,http://rdaregistry.info/Elements/m/P30038,rdac:C10007,Manifestaatio,manifestaation uusintapainos,,,,"näköispainos, uusintaipainos, ",
lkd:ParallelTitle,lkd-v0.1: included BF entity,rinnakkaisnimeke,parallelltitel,,,,owl:Class,lkd:VariantTitle,,https://id.kb.se/vocab/ParallelTitle ,skos:exactMatch,http://id.loc.gov/ontologies/bibframe/ParallelTitle,,,,,,skos:broadMatch,http://rdaregistry.info/Elements/c/C10012,,Luokka,Nomen,,,,,
lkd:parallelTitle,lkd-v0.1: new entity,rinnakkainen päänimeke,parallelhuvudtitel,lkd:Manifestation,lkd:ParallelTitle,,owl:ObjectProperty,,lkd:title,https://id.kb.se/marc/parallelTitle,skos:broadMatch,http://id.loc.gov/ontologies/bibframe/title,resurssin nimeke,titel,bf:Instance,bf:ParallelTitle,,skos:closeMatch,http://rdaregistry.info/Elements/m/P30203,rdac:C10007,Manifestaatio,rinnakkainen päänimeke,,L,,,title >> ParallelTitle > mainTitle
lkd:partOf,lkd-v0.1: included BF entity,osa kokonaisuudesta,är del av,"[ lkd:Work, lkd:Manifestation, lkd:Item ,lkd:Event ]","[ lkd:Work, lkd:Manifestation, lkd:Item , lkd:Event ]","kbv: Domain ja Range includes kbv:Endeavour, kbv:Jurisdiction, kbv:Organization, kbv:Place",owl:ObjectProperty,,bf:relatedTo,https://id.kb.se/vocab/isPartOf,skos:exactMatch,http://id.loc.gov/ontologies/bibframe/partOf,osa kokonaisuudesta,är del av,bf:Work ; bf:Instance ; Item ; Event,bf:Work ; bf:Instance ; bf:Item ; bf:Event,T,skos:closeMatch,http://rdaregistry.info/Elements/w/P10019,rdac:C10001,Teos,osa teoksesta,,L,Pakollinen vain sarjamaisessa teoksessa,,
lkd:partOfTemporalCoverage,lkd-v0.1: not included,osa ajanjaksoa,är del av tidsperiod,"[ lkd:Work, lkd:Manifestation, lkd:Item ,lkd:Event ]",lkd:Temporal,"kbv: Domain includes kbv:Endeavour, kbv:Jurisdiction, kbv:Organization, kbv:Place",owl:ObjectProperty,,bf:relatedTo,https://id.kb.se/vocab/isPartOf,skos:broadMatch,http://id.loc.gov/ontologies/bibframe/partOf,osa kokonaisuudesta,är del av,bf:Chronology,bf:Chronology,,skos:exactMatch,http://rdaregistry.info/Elements/t/P70034,rdac:C10010,Ajanjakso,osa ajanjaksoa,S,L,,Ajanjakson ominaisuudet eivät kuulu BF-tietomalliin ;  http://id.loc.gov/ontologies/bibframe/Chronology - ei ole propertyjä  ,
lkd:Person,lkd-v0.1: included BF entity,henkilö,person,,,,owl:Class,lkd:Agent,,https://id.kb.se/vocab/Person ,skos:exactMatch,http://id.loc.gov/ontologies/bibframe/Person,,,,,,skos:exactMatch,http://rdaregistry.info/Elements/c/C10004,,Luokka,Henkilö,,,,,
lkd:personIdentifiedBy,lkd-v0.1: not included,henkilön tunniste,identifikator av person,lkd:Person,lkd:Identifier,,owl:ObjectProperty,,bf:identifiedBy,https://id.kb.se/vocab/identifiedBy,skos:broadMatch,http://id.loc.gov/ontologies/bibframe/identifiedBy,tunniste,Identifikator,bf:Person,bf:Identifier,,skos:exactMatch,http://rdaregistry.info/Elements/a/P50094,"rdac:C10002",Toimija,henkilön tunniste,S,L,,MLS: toimijoiden ominaisuudet eivät kuulu BF-tietomalliin,
lkd:personName,lkd-v0.1: not included,henkilön nimi,titel,lkd:Person,rdfs:Literal,,owl:DatatypeProperty,,lkd:title,https://id.kb.se/vocab/name,skos:broadMatch,http://id.loc.gov/ontologies/bibframe/title,resurssin nimeke,titel,bf:Person,,,skos:narrowMatch,http://rdaregistry.info/Elements/a/P50117,"rdac:C10002",Toimija,henkilön ensisijainen nimi,S,L,,MLS: toimijoiden ominaisuudet eivät kuulu BF-tietomalliin,
lkd:place,lkd-v0.1: included BF entity,paikka,plats,"[ rdfs:Resource , lkd:Agent, lkd:Capture , lkd:ProvisionActivity ]","[ rdfs:Resource, lkd:Place ]",,owl:ObjectProperty,,,https://id.kb.se/vocab/place,skos:closeMatch,http://id.loc.gov/ontologies/bibframe/place,paikka,plats,bf:Organization,bf:Place,,skos:narrowMatch,http://rdaregistry.info/Elements/a/P50350,"rdac:C10002",Toimija,yhteisöön liittyvä paikka,S,L,,MLS: toimijoiden ominaisuudet eivät kuulu BF-tietomalliin,
lkd:Place,lkd-v0.1: included BF entity,paikka,plats,,,,owl:Class,,,https://id.kb.se/vocab/Place,skos:exactMatch,http://id.loc.gov/ontologies/bibframe/Place,,,,,,skos:exactMatch,http://rdaregistry.info/Elements/c/C10009,,Luokka,Paikka,,,,,
lkd:placeOfCapture,lkd-v0.1: new entity,tallennuspaikka,plats för inspelning,lkd:Expression,lkd:Capture,lkd:Capture [ lkd:place ],owl:ObjectProperty,,lkd:capture,https://id.kb.se/vocab/capture,skos:broadMatch,http://id.loc.gov/ontologies/bibframe/capture,tallenne,inspelning,bf:Work,bf:Capture,E,skos:exactMatch,http://rdaregistry.info/Elements/e/P20218,rdac:C10006,Ekspressio,tallennuspaikka,,L,Pakollinen musiikkiaineistossa,,
lkd:precededBy,lkd-v0.1: included BF entity,edeltävä teos,föregående,lkd:Work,lkd:Work,,owl:ObjectProperty,,bf:relatedTo,https://id.kb.se/vocab/precededBy,skos:exactMatch,http://id.loc.gov/ontologies/bibframe/precededBy,edeltävä teos,föregående,bf:Work ; bf:Instance ; bf:Serial,bf:Work ; bf:Instance,T,skos:closeMatch,http://rdaregistry.info/Elements/w/P10156,rdac:C10001,Teos,edeltävä teos,,L,Pakollinen vain sarjamaisessa teoksessa,,
lkd:preferredTitleOfExpression,lkd-v0.1: new entity,ekspression ensisijainen nimeke,föredragen titel för ekspression,lkd:Expression,lkd:Title,,owl:ObjectProperty,,lkd:title,https://id.kb.se/vocab/hasTitle,skos:broadMatch,http://id.loc.gov/ontologies/bibframe/title,resurssin nimeke,titel,bf:Work,rdfs:Literal,E,skos:exactMatch,http://rdaregistry.info/Elements/e/P20315,rdac:C10006,Ekspressio,ekspression ensisijainen nimeke,S,L,"Merkitään, jos tallennusformaatti sen sallii",,
lkd:preferredTitleOfItem,lkd-v0.1: new entity,kappaleen ensisijainen nimeke,föredragen titel för exemplaret,lkd:Item,lkd:Title,,owl:ObjectProperty,,lkd:title,https://id.kb.se/vocab/hasTitle,skos:broadMatch,http://id.loc.gov/ontologies/bibframe/title,resurssin nimeke,titel,bf:Item,rdfs:Literal,,skos:exactMatch,http://rdaregistry.info/Elements/i/P40085,rdac:C10003,Kappale,kappaleen ensisijainen nimeke,S,L,Ei pakollinen MARC21-kuvailussa,,
lkd:preferredTitleOfManifestation,lkd-v0.1: new entity,manifestaation päänimeke,huvudtitel för manifestation,lkd:Manifestation,lkd:Title,,owl:ObjectProperty,,lkd:title,https://id.kb.se/vocab/hasTitle,skos:broadMatch,http://id.loc.gov/ontologies/bibframe/title,resurssin nimeke,huvudtitel,bf:Instance,rdfs:Literal,,skos:closeMatch,http://rdaregistry.info/Elements/m/P30156,rdac:C10007,Manifestaatio,manifestaation päänimeke,S,L,Myös aiemmat ja myöhemmät päänimekkeet ovat pakollisia,RDA rdac:Nomen,title >> InstanceTitle > mainTitle
lkd:preferredTitleOfWork,lkd-v0.1: new entity,teoksen ensisijainen nimeke,huvudtitel för verk,lkd:Work,lkd:Title,,owl:ObjectProperty,,lkd:title,https://id.kb.se/vocab/hasTitle,skos:broadMatch,http://id.loc.gov/ontologies/bibframe/title,resurssin nimeke,huvudtitel,bf:Work ; bf:Instance ; bf:Item ; bf:Event,bf:Title,T,skos:exactMatch,http://rdaregistry.info/Elements/w/P10223,rdac:C10001,Teos,teoksen ensisijainen nimeke,S,L,,(esim. alkuteoksen nimeke tai kokoava nimeke).  MLS http://id.loc.gov/ontologies/bibframe/title ; SHOULD: resolve how to implement RDA class Nomen in BIBFRAME;  ,
lkd:Production,lkd-v0.1: included BF entity,tuottaja,produktion,,,,owl:Class,bf:ProvisionActivity,,https://id.kb.se/vocab/Production ,skos:exactMatch,http://id.loc.gov/ontologies/bibframe/Production,,,,,,skos:broadMatch,http://rdaregistry.info/Elements/c/C10002,,Luokka,Toimija,,,,,
lkd:production,lkd-v0.1: included KBV entity,tuottaja,produktion,lkd:Manifestation,lkd:Production,"[ lkd:date , lkd:agent ]",owl:ObjectProperty,,lkd:provisionActivity,https://id.kb.se/vocab/production,skos:broadMatch,http://id.loc.gov/ontologies/bibframe/provisionActivity,tuotantomerkintö,"produktion, utgivning, distribution och/eller tillverkning",bf:Instance,bf:Production > bf:date,,skos:narrowMatch,http://rdaregistry.info/Elements/m/P30009,rdac:C10007,Manifestaatio,tuotantoaika,S,L,Pakollinen julkaisemattomassa aineistossa,,
lkd:Projection,lkd-v0.1: included BF entity,projektio,projektion,,,,owl:Class,,,https://id.kb.se/vocab/Projection,skos:exactMatch,http://id.loc.gov/ontologies/bibframe/Projection,,,,,,skos:broadMatch,http://rdaregistry.info/Elements/c/C10013,,Luokka,RDA-entiteetti,,,,,
lkd:projection,lkd-v0.1: included BF entity,kartografisen sisällön projektio,kartprojektion,lkd:Cartographic,lkd:Projection,,owl:ObjectProperty,,,https://id.kb.se/vocab/projection,skos:exactMatch,http://id.loc.gov/ontologies/bibframe/projection,kartografisen sisällön projektio,Projektion,bf:Work,bf:Projection,E,skos:exactMatch,http://rdaregistry.info/Elements/e/P20216,rdac:C10006,Ekspressio,kartografisen sisällön projektio,,L,,,
lkd:ProvisionActivity,lkd-v0.1: included BF entity,"tuottaja, julkaisija, kustantaja, jakaja tai valmistaja","produktion, utgivning, distribution och/eller tillverkning",,,"subClassOf kbv:Event , kbv:QualifiedRole",owl:Class,,,https://id.kb.se/vocab/ProvisionActivity,skos:exactMatch,http://id.loc.gov/ontologies/bibframe/ProvisionActivity,,,,,,skos:broadMatch,http://rdaregistry.info/Elements/c/C10013,,Luokka,RDA-entiteetti,,,,,
lkd:provisionActivity,lkd-v0.1: included BF entity,"tuottaja, julkaisija, kustantaja, jakaja tai valmistaja","produktion, utgivning, distribution och/eller tillverkning",lkd:Manifestation,lkd:ProvisionActivity,,owl:ObjectProperty,,,https://id.kb.se/vocab/provisionActivity,skos:exactMatch,http://id.loc.gov/ontologies/bibframe/provisionActivity,tuotantomerkintö,"Produktion, utgivning, distribution och/eller tillverkning",,,,#N/A,#N/A,,,,,,,,
lkd:Publication,lkd-v0.1: included BF entity,kustantaja,utgivning,,,,owl:Class,bf:ProvisionActivity,,https://id.kb.se/vocab/Publication ,skos:exactMatch,http://id.loc.gov/ontologies/bibframe/Publication,Publisher,,,,,skos:broadMatch,http://rdaregistry.info/Elements/c/C10002,,Luokka,Toimija,,,,,
lkd:publication,lkd-v0.1: included KBV entity,kustantaja,utgivning,lkd:Manifestation,lkd:Publication,[ lkd:place ; lkd:agent ],owl:ObjectProperty,,lkd:provisionActivity,https://id.kb.se/vocab/publicatio,skos:broadMatch,http://id.loc.gov/ontologies/bibframe/provisionActivity,tuotantomerkintö,"produktion, utgivning, distribution och/eller tillverkning",bf:Instance,bf:Publication > bf:place > bf:Place,,skos:narrowMatch,http://rdaregistry.info/Elements/m/P30088,rdac:C10007,Manifestaatio,kustannuspaikka,S,L,,MLS: Mappaus:  provisionActivity >> Publication > place*   --- kustantajan paikka?   kts. myös http://id.loc.gov/ontologies/bflc/publicationStatement  > Range rdfs:Literal,
lkd:publication,lkd-v0.1: included KBV entity,kustantaja,utgivning,lkd:Manifestation,lkd:Publication,[ lkd:place ; lkd:agent ],owl:ObjectProperty,,lkd:provisionActivity,https://id.kb.se/vocab/publicatio,skos:broadMatch,http://id.loc.gov/ontologies/bibframe/provisionActivity,tuotantomerkintö,"produktion, utgivning, distribution och/eller tillverkning",bf:Instance,bf:Publication,,skos:narrowMatch,http://rdaregistry.info/Elements/m/P30176,rdac:C10007,Manifestaatio,kustantajan nimi,S,L,,"MLS: täytyy miettiä. UWL ratkaisu ""vähän outo"" kts. http://id.loc.gov/ontologies/bflc/publicationStatement",
lkd:publicationDate,lkd-v0.1: new entity,julkaisuaika,utgivningstid,lkd:Manifestation,rdfs:Literal,,owl:DatatypeProperty,,lkd:date,https://id.kb.se/vocab/date,skos:broadMatch,http://id.loc.gov/ontologies/bibframe/date,päiväys,datum,bf:Instance,rdfs:Literal,,skos:exactMatch,http://rdaregistry.info/Elements/m/P30011,rdac:C10007,Manifestaatio,julkaisuaika,S,L,,,
lkd:relatedTo,lkd-v0.1: not included,liittyvä resurssi,relaterad till,lkd:Organization,lkd:Organization,http://purl.org/dc/terms/relation,owl:ObjectProperty,,,https://id.kb.se/vocab/relatedTo,skos:broadMatch,http://id.loc.gov/ontologies/bibframe/relatedTo,liittyvä resurssi,relaterad till,bf:Organization,bf:Organization,,skos:narrowMatch,http://rdaregistry.info/Elements/a/P50336,"rdac:C10002",Toimija,yhteisöön liittyvä yhteisö,S,L,"Pakollinen suppealla tasolla konferenssiin liittyvän laitoksen osalta, pakollinen laajalla tasolla  hierarkisissa tai edeltäjä/seuraaja-suhteissa ",MLS: toimijoiden ominaisuudet eivät kuulu BF-tietomalliin - kts  myös http://id.loc.gov/ontologies/bflc/relationship ,
lkd:relatedTo,lkd-v0.1: not included,liittyvä resurssi,relaterad till,lkd:Person,lkd:Person,http://purl.org/dc/terms/relation,owl:ObjectProperty,,,https://id.kb.se/vocab/relatedTo,skos:broadMatch,http://id.loc.gov/ontologies/bibframe/relatedTo,liittyvä resurssi,relaterad till,bf:Person,bf:Person,,skos:narrowMatch,http://rdaregistry.info/Elements/a/P50428,"rdac:C10002",Toimija,henkilön toinen identiteetti,S,L,,MLS: toimijoiden ominaisuudet eivät kuulu BF-tietomalliin  - kts  myös http://id.loc.gov/ontologies/bflc/relationship ,
lkd:relatedTo,lkd-v0.1: not included,liittyvä resurssi,relaterad till,lkd:Person,lkd:Person,http://purl.org/dc/terms/relation,owl:ObjectProperty,,,https://id.kb.se/vocab/relatedTo,skos:broadMatch,http://id.loc.gov/ontologies/bibframe/relatedTo,liittyvä resurssi,relaterad till,bf:Person,bf:Person,,skos:narrowMatch,http://rdaregistry.info/Elements/a/P50429,"rdac:C10002",Toimija,henkilön todellinen identiteetti,S,L,,MLS: toimijoiden ominaisuudet eivät kuulu BF-tietomalliin  - kts  myös http://id.loc.gov/ontologies/bflc/relationship ,
lkd:reproductionOf,lkd-v0.1: included BF entity,jäljenne,reproduktion av,lkd:Manifestation,lkd:Manifestation,,owl:ObjectProperty,,bf:hasEquivalent,https://id.kb.se/vocab/reproductionOf,skos:exactMatch,http://id.loc.gov/ontologies/bibframe/reproductionOf,jäljenne,reproduktion av,bf:Instance,bf:Instance,,skos:exactMatch,http://rdaregistry.info/Elements/m/P30043,rdac:C10007,Manifestaatio,jäljenne manifestaatiosta,,L,,,
lkd:responsibilityStatement,lkd-v0.1: included BF entity,vastuullisuusmerkintö,upphovsuppgift,lkd:Manifestation,rdfs:Literal,kbv: http://purl.org/dc/elements/1.1/contributor,owl:DatatypeProperty,,,https://id.kb.se/vocab/responsibilityStatement,skos:exactMatch,http://id.loc.gov/ontologies/bibframe/responsibilityStatement,vastuullisuusmerkintö,upphovsuppgift,bf:Instance,rdfs:Literal,,skos:exactMatch,http://rdaregistry.info/Elements/m/P30105,rdac:C10007,Manifestaatio,päänimekkeeseen liittyvä vastuullisuusmerkintö,S,L,,,responsibilityStatement
lkd:Role,lkd-v0.1: included BF entity,rooli,funktion,,,,owl:Class,,,https://id.kb.se/vocab/Role,skos:exactMatch,http://id.loc.gov/ontologies/bibframe/Role,,,,,,skos:broadMatch,http://rdaregistry.info/Elements/c/C10013,,Luokka,RDA-entiteetti,,,,,
lkd:role,lkd-v0.1: included BF entity,rooli,funktion,lkd:Contribution,"[ rdfs:Resource , mts:m34 , mts:m153 , mts:m491, mts:m1157 ] ","[ bf:role , kbv:predicate ]",owl:ObjectProperty,,,https://id.kb.se/vocab/role,skos:exactMatch,"http://id.loc.gov/ontologies/bibframe/role",rooli,funktion,,,,#N/A,#N/A,,,,,,,,
lkd:Scale,lkd-v0.1: included BF entity,mittakaava,skala,,,,owl:Class,,,https://id.kb.se/vocab/Scale,skos:exactMatch,http://id.loc.gov/ontologies/bibframe/Scale,,,,,,skos:broadMatch,http://rdaregistry.info/Elements/c/C10013,,Luokka,RDA-entiteetti,,,,,
lkd:sector,lkd-v0.1: not included,yhteisön toiminta-ala,organsationens verksamhetsområde,lkd:Organization,lkd:Classification,http://schema.org/hasCategoryCode,owl:ObjectProperty,,,https://id.kb.se/vocab/classification,skos:closeMatch,http://id.loc.gov/ontologies/bibframe/classification,luokka,klassifikation,bf:Organization,bf:Classification,,skos:closeMatch,http://rdaregistry.info/Elements/a/P50022,"rdac:C10002",Toimija,yhteisön toiminta-ala,S,L,,MLS: toimijoiden ominaisuudet eivät kuulu BF-tietomalliin,
lkd:sector,lkd-v0.1: not included,henkilön toiminta-ala,personens verksamhetsområde,lkd:Person,lkd:Classification,http://schema.org/hasCategoryCode,owl:ObjectProperty,,,https://id.kb.se/vocab/classification,skos:closeMatch,http://id.loc.gov/ontologies/bibframe/classification,luokka,klassifikation,bf:Person,bf:Classification,,skos:closeMatch,http://rdaregistry.info/Elements/a/P50100,"rdac:C10002",Toimija,henkilön toiminta-ala,,L,Pakollinen kirjastojen kuvailussa,MLS: toimijoiden ominaisuudet eivät kuulu BF-tietomalliin,
lkd:Serial,lkd-v0.1: included BF entity,sarjajulkaisu,seriell resurs,,,,owl:Class,lkd:Work,,https://id.kb.se/vocab/Serial,skos:exactMatch,http://id.loc.gov/ontologies/bibframe/Serial,,,,,,skos:broadMatch,http://rdaregistry.info/Elements/c/C10001,,Luokka,Teos,,,,,
lkd:seriesEnumeration,lkd-v0.1: included BF entity,numerointijakson sisäinen numerointi,numrering inom serie,lkd:Manifestation,rdfs:Literal,,owl:DatatypeProperty,,,https://id.kb.se/vocab/seriesEnumeration,skos:exactMatch,http://id.loc.gov/ontologies/bibframe/seriesEnumeration,numerointijakson sisäinen numerointi,numrering inom serie,bf:Instance,rdfs:Literal,,skos:exactMatch,http://rdaregistry.info/Elements/m/P30014,rdac:C10007,Manifestaatio,numerointijakson sisäinen numerointi,S,L,Pakollinen myös alasarjassa,RDA range: rdac:Nomen,
lkd:seriesStatement,lkd-v0.1: included BF entity,sarjamerkintö,serieuppgift,lkd:Manifestation,rdfs:Literal,,owl:DatatypeProperty,,,https://id.kb.se/vocab/seriesStatement,skos:exactMatch,http://id.loc.gov/ontologies/bibframe/seriesStatement,sarjamerkintö,serieuppgift,bf:Serial,bf:Title,,skos:closeMatch,http://rdaregistry.info/Elements/m/P30158,rdac:C10007,Manifestaatio,alasarjan päänimeke,S,L,,bf:subSeriesOf bf:Series,
lkd:seriesTitle,lkd-v0.1: new entity,sarjan nimeke,serietitel,lkd:Manifestation,lkd:Title,,owl:ObjectProperty,,lkd:title,https://id.kb.se/vocab/title,skos:broadMatch,http://id.loc.gov/ontologies/bibframe/title,resurssin nimeke,titel,bf:Serial,bf:Title,,skos:closeMatch,http://rdaregistry.info/Elements/m/P30157,rdac:C10007,Manifestaatio,sarjan nimeke,S,L,,RDA rdac:Nomen,
lkd:simpleAgent,lkd-v0.1: not included,toimijan merkkijono,agent string,lkd:Contribution,rdfs:Literal,,owl:DatatypeProperty,,,#N/A,skos:exactMatch,"http://id.loc.gov/ontologies/bflc/simpleAgent",liittyvän toimijan nimi,agent string,"bf:Work , bf:Instance , bf:Item",rdfs:Literal,,skos:exactMatch,http://rdaregistry.info/Elements/w/datatype/P10311,,Teos,teokseen liittyvä toimija,,,,,
lkd:Source,lkd-v0.1: not included,lähde,källa,,,,owl:Class,,,https://id.kb.se/vocab/Sourcee,skos:exactMatch,http://id.loc.gov/ontologies/bibframe/Source,lähde,källa,,,,skos:broadMatch,http://rdaregistry.info/Elements/c/C10001,,Luokka,Teos,,,,,
lkd:source,lkd-v0.1: not included,lähde,källa,rdfs:Resource,lkd:Source,,owl:ObjectProperty,,bf:adminMetadata,https://id.kb.se/vocab/source,skos:exactMatch,http://id.loc.gov/ontologies/bibframe/source,lähde,källä,?,?,,skos:closeMatch,http://rdaregistry.info/Elements/n/P80139,rdac:C10012,Nomen,tietolähde,,L,,Nomenin ominaisuudet eivät kuulu BF-tietomalliin -- MUTTA hyvin yleinen. Arvot:  http://rdaregistry.info/termList/statIdentification ;  Nomenin ominaisuudet eivät kuulu BF-tietomalliin,
lkd:source,lkd-v0.1: not included,lähde,källa,lkd:Work,lkd:Source,,owl:ObjectProperty,,bf:adminMetadata,https://id.kb.se/vocab/source,skos:exactMatch,http://id.loc.gov/ontologies/bibframe/source,lähde,källa,bf:AdminMetadata,bf:Work,T,skos:closeMatch,http://rdaregistry.info/Elements/w/P10406,rdac:C10001,Teos,käytetty lähde,,L,,M-LS: voisi määritellä alaominaisuudeksi BF-ominaisuudelle adminMetadata ; Arvot: http://rdaregistry.info/termList/RDARecordingSources,
lkd:status,lkd-v0.1: not included,status,status,rdfs:Resource,rdfs:Resource,range: http://rdaregistry.info/termList/statIdentification,owl:ObjectProperty,,bf:adminMetadata,https://id.kb.se/vocab/status,skos:exactMatch,http://id.loc.gov/ontologies/bibframe/status,status,status,bf:Nomen,http://rdaregistry.info/termList/statIdentification,,skos:closeMatch,http://rdaregistry.info/Elements/n/P80168,rdac:C10012,Nomen,tunnistamistaso,S,L,,Nomenin ominaisuudet eivät kuulu BF-tietomalliin -- MUTTA hyvin yleinen. Arvot:  http://rdaregistry.info/termList/statIdentification ;  Nomenin ominaisuudet eivät kuulu BF-tietomalliin,
lkd:status,lkd-v0.1: not included,status,status,rdfs:Resource,lkd:Status,,owl:ObjectProperty,,bf:adminMetadata,https://id.kb.se/vocab/status,skos:exactMatch,http://id.loc.gov/ontologies/bibframe/status,status,status,bf:Nomen,,,skos:closeMatch,http://rdaregistry.info/Elements/n/P80169,rdac:C10012,Nomen,yksilöimättömän nimen ilmaus,S,L,Pakollinen henkilön nimen osalta,Nomenin ominaisuudet eivät kuulu BF-tietomalliin,
lkd:StillImage,lkd-v0.1: included BF entity,stillkuva,stillimage,,,subClassOf kbv:Visual,owl:Class,lkd:Work,,https://id.kb.se/vocab/StillImage,skos:exactMatch,http://id.loc.gov/ontologies/bibframe/StillImage,Stillkuvat,Stillbild,,,,skos:exactMatch,http://rdvocab.info/termList/RDAContentType/1014,,RDA Sisätlötyyppi,Stillkuva,,,,,
lkd:subject,lkd-v0.1: included BF entity,aihe,ämne,"[ lkd:Work, lkd:Expression , lkd:Manifestation, lkd:Item , lkd:Event ]",rdfs:Resource,range: bf:Topic subPropertyOf schema:about,owl:ObjectProperty,,,https://id.kb.se/vocab/subject,skos:exactMatch,http://id.loc.gov/ontologies/bibframe/subject,aihe,ämne,bf:Work ; bf:Instance ; bf:Item ; bf:Event,rdfs:Resource,T,skos:exactMatch,http://rdaregistry.info/Elements/w/P10256,rdac:C10001,Teos,aihe,S,L,,,
lkd:subtitle,lkd-v0.1: included BF entity,osan nimi,övrig titelinformation,lkd:Title,rdfs:Literal,,owl:DatatypeProperty,,,https://id.kb.se/vocab/subtitle,skos:exactMatch,http://id.loc.gov/ontologies/bibframe/subtitle,osan nimi,deltitel,bf:Title,rdfs:Literal,,skos:closeMatch,http://rdaregistry.info/Elements/m/P30142,rdac:C10007,Manifestaatio,muu nimeketieto,,L,,Mappaus: title >> Title > subtitle,title >> ManifestationTitle > subtitle
lkd:succeededBy,lkd-v0.1: included BF entity,myöhempi teos,efterföljande,lkd:Work,lkd:Work,,owl:ObjectProperty,,bf:relatedTo,https://id.kb.se/vocab/succeededBy,skos:exactMatch,http://id.loc.gov/ontologies/bibframe/succeededBy,myöhempi teos,efterföljande,Work ; bf:Manifestation ; bf:Serial,bf:Work ; bf:Manifestation,T,skos:exactMatch,http://rdaregistry.info/Elements/w/P10170,rdac:C10001,Teos,myöhempi teos,,L,Pakollinen vain sarjamaisessa teoksessa,,
lkd:Temporal,lkd-v0.1: included BF entity,ajanjakso,kronologisk täckning,,,subClassOf rdac:C10010,owl:Class,,,https://id.kb.se/vocab/Temporal,skos:exactMatch,http://id.loc.gov/ontologies/bibframe/Temporal,ajanjakso,kronologiskt ämnesord,,,,skos:closeMatch,http://rdaregistry.info/Elements/c/C10010,,Luokka,ajanjakso,,,,,
lkd:temporalCoverage,lkd-v0.1: not included,ajanjakso,kronologisk täckning,lkd:Work,rdfs:Literal,schema;temporalCoverage,owl:DatatypeProperty,,,https://id.kb.se/vocab/temporalCoverage,skos:exactMatch,http://id.loc.gov/ontologies/bibframe/temporalCoverage,ajanjakso,kronologisk täckning,bf:Organization,rdfs:Literal,,skos:narrowMatch,http://rdaregistry.info/Elements/a/P50236,"rdac:C10002",Toimija,yhteisön toiminta-aika,S,L,"Pakollinen, kun sitä tarvitaan erottamaan samannimiset yhteisöt toisistaan",https://id.kb.se/vocab/activityStartDate ; https://id.kb.se/vocab/activityEndDate ,
lkd:temporalCoverage,lkd-v0.1: not included,ajanjakso,kronologisk täckning,lkd:Work,rdfs:Literal,schema;temporalCoverage,owl:DatatypeProperty,,,https://id.kb.se/vocab/temporalCoverage,skos:exactMatch,http://id.loc.gov/ontologies/bibframe/temporalCoverage,ajanjakso,kronologisk täckning,bf:Family,rdfs:Literal,,skos:narrowMatch,http://rdaregistry.info/Elements/a/P50355,"rdac:C10002",Toimija,sukuun liittyvä ajanjakso,S,L,"Pakollinen, kun sitä tarvitaan erottamaan samannimiset suvut toisistaan",MLS: toimijoiden ominaisuudet eivät kuulu BF-tietomalliin,
lkd:temporalCoverageIdentifiedBy,lkd-v0.1: not included,ajanjakson tunniste,identifikator av tidsperiod,lkd:Temporal,lkd:Identifier,,owl:ObjectProperty,,bf:identifiedBy,https://id.kb.se/vocab/identifiedBy,skos:broadMatch,http://id.loc.gov/ontologies/bibframe/identifiedBy,tunniste,Identifikator,bf:Chronology,bf:Identifier,,skos:exactMatch,http://rdaregistry.info/Elements/t/P70018,rdac:C10010,Ajanjakso,ajanjakson tunniste,S,L,,Ajanjakson ominaisuudet eivät kuulu BF-tietomalliin;  http://id.loc.gov/ontologies/bibframe/Chronology - ei ole propertyjä,
lkd:terminateDate,lkd-v0.1: not included,lakkauttamisajankohta,tid för upphörande,lkd:Organization,rdfs:Literal,,owl:DatatypeProperty,,lkd:date,https://id.kb.se/vocab/terminateDate,skos:broadMatch,http://id.loc.gov/ontologies/bibframe/date,päiväys,datum,bf:Organization,rdfs:Literal,,skos:exactMatch,http://rdaregistry.info/Elements/a/P50038,"rdac:C10002",Toimija,lakkauttamisajankohta,S,L,"Pakollinen, kun sitä tarvitaan erottamaan samannimiset yhteisöt toisistaan",MLS: toimijoiden ominaisuudet eivät kuulu BF-tietomalliin,
lkd:Title,lkd-v0.1: included BF entity,nimeke,titel,,,subClassOf rdac:C10012,owl:Class,,,https://id.kb.se/vocab/Title,skos:exactMatch,http://id.loc.gov/ontologies/bibframe/Title,,,,,,skos:broadMatch,http://rdaregistry.info/Elements/c/C10012,,Luokka,Nomen,,,,,
lkd:title,lkd-v0.1: included BF entity,resurssin nimeke,namn av resurs,"[ lkd:Work, lkd:Expression , lkd:Manifestation, lkd:Item , lkd:Event ]",lkd:Title,"[ lkd:Title  ; lkd:mainTitle ; lkd:source ], [lkd:VariantTitle [lkd:mainTitle ; lkd:variantType ; lkd:source ]",owl:ObjectProperty,,,https://id.kb.se/vocab/title,skos:exactMatch,http://id.loc.gov/ontologies/bibframe/title,resurssin nimeke,titel,"Suggested use - With Work, Instance, Item or Event",bf:Title,,skos:narrowMatch,http://rdaregistry.info/Elements/x/P00019,rdac:C10013,RDA entiteetti,RDA-entiteetin nimi,,,,,
lkd:UsageAndAccessPolicy,lkd-v0.1: included BF entity,käyttö- ja pääsyehdot,"villkor för användning och åtkomst",,,,owl:Class,,,https://id.kb.se/vocab/UsageAndAccessPolicy,skos:exactMatch,http://id.loc.gov/ontologies/bibframe/UsageAndAccessPolicy,Käyttö- ja pääsyehdot,Villkor för användning och åtkomst,,,,skos:broadMatch,http://rdaregistry.info/Elements/c/C10013,,Luokka,RDA-entiteetti,,,,2023-01-18 otettu uudelleen v0.1 mukaan,
lkd:usageAndAccessPolicy,lkd-v0.1: included BF entity,käyttö- ja pääsyehdot,"villkor för användning och åtkomst","[ lkd:Work, lkd:Expression , lkd:Manifestation, lkd:Item  ]",lkd:UsageAndAccessPolicy,,owl:ObjectProperty,,,https://id.kb.se/vocab/usageAndAccessPolicyy,skos:closeMatch,http://id.loc.gov/ontologies/bibframe/usageAndAccessPolicyy,Käyttö- ja pääsyehdot,Villkor för användning och åtkomst,"bf:Work, bf:Instance , bf:Item",bf:UsageAndAccessPolicy,,skos:narrowMatch,http://rdaregistry.info/Elements/i/P40047,rdac:C10003,Kappale,kappaleen saatavuuden rajoitukset,,,,2023-01-18 otettu uudelleen v0.1 mukaan metatietosanasto  http://urn.fi/URN:NBN:fi:au:mts:m457  aineiston saatavuuden rajoitukset (kappale),
lkd:usageAndAccessPolicy,lkd-v0.1: included BF entity,käyttö- ja pääsyehdot,"villkor för användning och åtkomst","[ lkd:Work, lkd:Expression , lkd:Manifestation, lkd:Item  ]",lkd:UsageAndAccessPolicy,,owl:ObjectProperty,,,https://id.kb.se/vocab/usageAndAccessPolicyy,skos:closeMatch,http://id.loc.gov/ontologies/bibframe/usageAndAccessPolicyy,Käyttö- ja pääsyehdot,Villkor för användning och åtkomst,"bf:Work, bf:Instance , bf:Item",bf:UsageAndAccessPolicy,,skos:narrowMatch,http://rdaregistry.info/Elements/m/P30145,rdac:C10007,Manifestaatio,manifestaation saatavuuden rajoitukset,,,,2023-01-18 otettu uudelleen v0.1 mukaan,
lkd:VariantTitle,lkd-v0.1: included BF entity,varianttinimeke,varianttitel,,,,owl:Class,lkd:Title,,https://id.kb.se/vocab/VariantTitle ,skos:closeMatch,http://id.loc.gov/ontologies/bibframe/VariantTitle,,,,,,skos:broadMatch,http://rdaregistry.info/Elements/c/C10012,,Luokka,Nomen,,,,,
lkd:VariantTitle,lkd-v0.1: not included,myöhempi päänimeke,senare huvudtitel,,,,owl:Class,lkd:Title,,https://id.kb.se/vocab/VariantTitle ,skos:closeMatch,http://id.loc.gov/ontologies/bibframe/VariantTitle,,,,,,skos:exactMatch,http://rdaregistry.info/Elements/m/P30129,rdac:C10007,Manifestaatio,myöhempi päänimeke,,,,löytyy metatietosanastosta,
lkd:variantTitle,lkd-v0.1: new entity,varianttinimeke,varianttitel,"[ lkd:Work, lkd:Expression , lkd:Manifestation, lkd:Item  ]",lkd:VariantTitle,lkd:VariantTitle [ lkd:variantType ; lkd:mainTitle ],owl:ObjectProperty,,lkd:title,#N/A,skos:broadMatch,http://id.loc.gov/ontologies/bibframe/title,resurssin nimeke,titel,,,,skos:exactMatch,http://rdaregistry.info/Elements/x/P00023,rdac:C10013,RDA entiteetti,RDA-entiteetin varianttinimi,,,,,
lkd:variantType,lkd-v0.1: included BF entity,varianttityyppi,typ av variant,lkd:VariantTitle,mts:m1803,,owl:ObjectProperty,,lkd:title,https://id.kb.se/vocab/variantType,skos:closeMatch,"http://id.loc.gov/ontologies/bibframe/variantType",varianttinimen tyyppi,varianttiteltyp,bf:VariantTitle,rdfs:Literal,,skos:closeMatch,http://rdaregistry.info/Elements/n/P80078,rdac:C10007,Nomen,nomenin kategoria,,,"huom. tarkistetaan range - kun kohteena on ryhmä, jossa on membereitä - poimittavat arvo ovat näitä membereitä",KBV:Category: pending,
lkd:verticalScale,lkd-v0.1: new entity,kartografisen sisällön vertikaalinen mittakaava,skala,"[ lkd:Work , lkd:Expression , lkd:Manifestation ]",lkd:Scale,,owl:ObjectProperty,,bf:scale,https://id.kb.se/vocab/scale,skos:broadMatch,http://id.loc.gov/ontologies/bibframe/scale,mittakaava,skala,bf:Work,bf:Scale,E,skos:closeMatch,http://rdaregistry.info/Elements/e/P20230,rdac:C10006,Ekspressio,kartografisen sisällön vertikaalinen mittakaava,S,L,,,
lkd:Work,lkd-v0.1: included BF entity,teos,verk,,,,owl:Class,bf:Work,,https://id.kb.se/vocab/Work ,skos:broadMatch,http://id.loc.gov/ontologies/bibframe/Work,Teos,Verk,,,,skos:exactMatch,http://rdaregistry.info/Elements/c/C10001,,Luokka,Teos,,,,,
lkd:workGroupIdentifiedBy,lkd-v0.1: new entity,teosryhmän tunniste,identifikator av verkgrupp,rdfs:Resource,lkd:Identifier,,owl:ObjectProperty,,bf:identifiedBy,https://id.kb.se/vocab/identifiedBy,skos:broadMatch,http://id.loc.gov/ontologies/bibframe/identifiedBy,tunniste,Identifikator,bf:Hub,bf:Identifier,T,skos:exactMatch,http://rdaregistry.info/Elements/w/P10400,rdac:C10001,Teos,teosryhmän tunniste,S,L,kun teos kuvaillaan erikseen,,
lkd:workIdentifiedBy,lkd-v0.1: new entity,teoksen tunniste,identifikator av verk,rdfs:Resource,lkd:Identifier,,owl:ObjectProperty,,bf:identifiedBy,https://id.kb.se/vocab/identifiedBy,skos:broadMatch,http://id.loc.gov/ontologies/bibframe/identifiedBy,tunniste,Identifikator,rdfs:Resource,bf:Identifier,T,skos:exactMatch,http://rdaregistry.info/Elements/w/P10002,rdac:C10001,Teos,teoksen tunniste,S,L,kun teos kuvaillaan erikseen,,
lkd:workManifested,lkd-v0.1: new entity,manifestaatioon sisältyvä teos,har manifesterat verk,lkd:Manifestation,lkd:Work,,owl:ObjectProperty,,,https://id.kb.se/vocab/issuedWith,skos:closeMatch,"http://id.loc.gov/ontologies/bibframe/issuedWith",ilmestynyt yhdessä,utgiven med,bf:Instance,bf:Work,,skos:exactMatch,http://rdaregistry.info/Elements/m/P30135,rdac:C10007,Manifestaatio,manifestaatioon sisältyvä teos,S,L,,"owl:subPropertyOf bf:relatedTo, skos:exactMatch rdam:P30135",